{
  "missing_badges": [
    "Non hai abbastanza medaglie! Ritorna quando ne avrai di più  ",
    "Guadagna ancora delle medaglie, poi vieni da me!",
    "Hai ancora troppo da imparare. Torna quando avrai più medaglie!",
    "Eh no, sei ancora tra i dilettanti. Hai bisogno di più medaglie!",
    "Non sei pronto per lottare con me! Hai bisogno di più medaglie.",
    "Mancano ancora delle medaglie alla tua collezione! Torna quando le avrai.",
    "Non sarà meglio sfidare qualche altro capopalestra, prima?",
    "Non va affatto bene! Hai bisogno di più medaglie.",
    "Ci sono capipalestra che hai dimenticato di sfidare sulla strada...",
    "Non va ancora bene, hai bisogno ancora di più medaglie!",
    "Sarò qui ad aspettarti quando avrai conquistato abbastanza medaglie per sfidarmi.",
    "Ti mancano le medaglie necessarie per sfidarmi.",
    "Non puoi ancora sfidarmi: ti mancano delle medaglie!",
    "Potrebbe essere pericoloso per te sfidarmi. Ti manca un po' di esperienza!",
    "Hai dimenticato mica di sfidare qualche capopalestra!?",
    "No, non sei pronto. Le tue medaglie sono poche!",
    "Quante medaglie hai? Sono troppo poche. Non puoi sfidarmi ancora!",
    "Credi di potermi sfidare!? No, non hai abbastanza medaglie!",
    "Hai tutte le medaglie che servono per sfidarmi? Non mi sembra..."
  
  ],
  "missing_beaten_e4": [
    "Non hai ancora battuto i Superquattro!",
    "Non possiamo sfidarci, non hai ancora battuto i Superquattro!",
    "Hai già visitato la Lega Pokémon della regione?",
    "Non puoi sperare di battermi se prima non affronti i Superquattro!",
    "Devi battere i Superquattro prima di sfidarmi!",
    "La Lega Pokémon ti attende!",
    "Non hai ancora battuto i Superquattro! Bene, aspetterò...",
    "Vuoi sfidarmi? Fai prima un salto alla Lega Pokémon!",
    "I Superquattro ti attendono! Ritorna quando li avrai sconfitti."

  ],
  "missing_beaten_champs": [
    "...",
    "... ...",
    "... ... ...",
    "... ... ... ...",
    "... ... ... ... ...",
    "... ... ... ... ... ...",
    "... ... ... ... ... ... ...",
    "... ... ... ... ... ... ... ...",
    "... ... ... ... ... ... ... ... ...",
    "... ... ... ... ... ... ... ... ... ...",
    "... ... ... ... ... ... ... ... ... ... ...",
    "Non sei ancora degno di lottare con me.",
    "Devi battere il Campione prima di potermi sfidare!",
    "Solo i Campioni possono sfidarmi!",
    "Mi stai facendo perdere tempo!",
    "Levati di mezzo se non vuoi che ti dia una bella lezione!",
    "Torna da me solo dopo che hai battuto il Campione!",
    "Tu credi sul serio di potermi battere!?",
    "Non puoi ancora lottare contro di me.",
    "La mia squadra Pokémon si mangerebbe la tua a colazione!",
    "I tuoi Pokémon non sono pronti ad affrontarmi!",
    "Il Campione ti aspetta!",
    "Torna solo quando avrai battuto il Campione!",
    "Non sei degno del titolo di Campione se prima non batti quello attuale!",
    "Vinci una lotta Pokémon con il campione, poi torna da me.",
    "Coraggio! Il Campione ti sta aspettando!"
  ],
  "missing_beaten_rival": [
    "Non è ancora il momento giusto per sfidarmi.",
    "Prima di sfidare me, devi cercare il tuo rivale!",
    "Non puoi ancora sfidarmi. Dov'è il tuo rivale?",
    "Torna quando avrai affrontato il tuo rivale!",
    "Credo che qualcun altro voglia sfidarti, ora.",
    "Hai un'altra lotta Pokémon da vincere.",
    "Non sei pronto ad affrontarmi.",
    "C'è qualcun altro che vorrebbe lottare con te, ora.",
    "Ritorna dopo che hai affrontato il tuo rivale.",
    "Non credo che sia saggio affrontarmi ora.",
    "Sparisci, non ho tempo da perdere con i principianti.",
    "Levati dai piedi, dilettante.",
    "Qualcun altro vorrebbe sfidarti, ora.",
    "il tuo rivale ti aspetta.",
    "Prima devi sfidare il tuo rivale.",
    "Non posso affrontarti ora, la tua squadra è troppo debole.",
    "Direi che non è ancora il momento di combattere.",
    "Devi prima sconfiggere il tuo rivale.",
    "Smettila di farmi perdere tempo. Non posso sfidarti ora!",
    "C'è qualcun altro pronto ad una sfida, adesso.",
    "Cosa ti fa pensare di essere pronto a sfidarmi?",
    "C'è un'altra persona pronta a sfidarti, ora!",
    "Levati dai piedi, non voglio perdere tempo.",
    "Ora come ora potrei batterti ad occhi chiusi. Torna quando sarai più forte!",
    "Hai già battuto il tuo rivale?",
    "Prima di lottare con me, devi affrontare il tuo rivale.",
    "Non sono io il tuo prossimo avversario!",
    "Adesso non posso combattere con te. Prova altrove",
    "Il tuo rivale aspetta solo te per dare inizio alla vostra sfida."
  ],
  "missing_beaten_team_rocket": [
    "Non adesso, non ho tempo da perdere!",
    "Non è ancora il momento di sfidarmi!",
    "C'è qualcuno del Team Rocket che ti sta cercando!",
    "Non sono ancora io il tuo sfidante, c'è qualcuno che ti cerca!",
    "Non farmi perdere tempo, prima devi affrontare un membro del Team Rocket",
    "Ci sono dei tipi loschi che ti cercano, fai attenzione!",
    "Non credo che una lotta con me sia necessaria in questo momento...",
    "Ho visto delle persone del Team Rocket.. Ti stavano cercando!" ,
    "Il team Rocket.. Uno di loro vuole sfidarti! " ,
    "Quelli del Team Rocket ti cercano!"
  ],
  "missing_pokemon": [
    "Non hai Pokémon in grado di combattere nella tua squadra...",
    "I tuoi Pokémon sono esausti?",
    "Mi stai facendo perdere tempo... Dove sono i tuoi Pokémon!?",
    "Non mi sembra che tu abbia una squadra di Pokémon adatta ad una sfida!",
    "Torna quando la tua squadra sarà in forma!",
    "Hai voglia di scherzare? Come posso sfidarti se non hai Pokémon pronti?",
    "Oh, i tuoi Pokémon non sono molto in forma!",
    "Perchè non passi ad un centro Pokémon prima di sfidarmi?",
    "Hai bisogno di Pokémon se vuoi combattere, lo sai?",
    "Che gran perdita di tempo, non hai Pokémon adatti al nostro scontro!",
    "Se chiedi a qualcuno una lotta Pokémon, prima dovresti assicurarti di avere uan squadra decente...",
    "Non puoi far lottare la tua squadra di Pokémon in queste condizioni!",
    "Mi dispiace, ma non hai dei Pokémon adatti alla nostra sfida.",
    "Ma che razza di persona sei!? Cura prima la tua squadra!",
    "Senza Pokémon adatti, come vorresti sfidarmi!?",
    "Una sfida? A carte suppongo, visto che non hai Pokémon pronti!",
    "Non vorrei essere nei panni dei tuoi Pokémon ora...",
    "Tu e la tua squadra sembrate stanchi... Riposatevi prima!",
    "Hai provato a dare dei rimedi ai tuoi Pokémon?",
    "I tuoi Pokémon sono esausti... Non posso combattere!",
    "A cosa vorresti sfidarmi? Non hai Pokémon adatti per una lotta!",
    "Non combatterò con dei Pokémon esausti!",
    "Cura la tua squadra prima di sfidarmi!",
    "I tuoi Pokémon non sono pronti per una sfida!",
    "Non sarebbe la scelta giusta sfidarmi ora...",
    "Con qualche pozione i tuoi Pokémon torneranno come nuovi!",
    "Credo proprio che dovremmo rimandare la sfida... Guarda i tuoi Pokémon!",
    "Aspetterò che la tua squadra si rimetta in piedi prima di sfidarti!",
    "Cosa credi di fare con quei Pokémon?!",
    "I tuoi Pokémon devono essere nella loro forma migliore per una sfida.",
    "Tu e la tua squadra non siete molto in forma!",
    "Direi che ora non è il caso di combattere...",
    "Oh no! Non posso affrontare la tua squadra se sono già tutti esausti!",
    "Ti serve un aiuto per curare i tuoi Pokémon? Usa delle pozioni!",
    "Poveri i tuoi Pokémon, cosa li ha ridotti così?",
    "Non è il momento di combattere!",
    "Non voglio vincere facile! Hai bisogno di una squadra di Pokémon adatta!",
    "Non è una vera sfida senza dei Pokémon degni che mi tengano testa!",
    "I tuoi Pokémon hanno bisogno di cure!",
    "Non hai una squadra pronta a combattere!",
    "Your team isn't up for a battle.",
    "No battle without a capable team!"

  ],
  "low_level_cap": [
    "Sparisci, dilettante. Non puoi ancora lottare con me!",
    "Credi di potermi battere con quei Pokémon così deboli?",
    "Non penso che una sfida sarebbe una buona idea. Sei ancora un po' debole",
    "Perchè non ti alleni di più prima di batterti con me?",
    "Sembra che i tuoi Pokémon abbiano bisogno di più allenamento.",
    "Tu e la tua squadra non siete ancora pronti per battermi.",
    "È un gran peccato che tu sia ancora così debole.",
    "Allena di più i tuoi Pokémon se non vuoi perdere rovinosamente",
    "Sarebbe meglio non sfidarmi ora, la mia squadra di Pokémon ti distruggerebbe.",
    "Oh, ma non è il caso di sfidarmi adesso! Sei ancora troppo debole.",
    "Hai intenzione di vincere? Allora allenati di più",
    "Principianti.. Perchè siete sempre alla ricerca di sfide più grandi di voi?",
    "Allenati meglio, i tuoi Pokémon sono davvero deboli!",
    "Togliti dai piedi, sei troppo debole per me.",
    "Non fare il passo più lungo della gamba. Allenati prima di sfidarmi!",
    "I miei Pokémon potrebbero mangiarti a colazione. Hai bisogno di più allenamento!",
    "Sembri così giovane.. Non hai molta esperienza vero?",
    "Vorrei un avversario vero... Allenati di più!",
    "Non sei ancora abbastanza forte per sfidarmi!",
    "Ma chi ti credi di essere!? Sparisci, dilettante.",
    "I tuoi Pokémon non sono abbastanza forti per battermi.",
    "Hai bisogno di allenarti ancora un po' prima di affrontarmi",
    "Non è ancora il momento di sfidarmi, allenati di più.",
    "Tu e la tua squadra di Pokémon avrete bisogno di più allenamento per battermi.",
    "I tuoi Pokémon... Beh, non si può dire che siano abbastanza forti per me.",
    "Ma chi ti credi di essere? Vuoi sul serio sfidarmi? Allora allenati di più.",
    "Non voglio combattere se l'esito dell'incontro è già deciso. Non sei abbastanza forte.",
    "I tuoi Pokémon hanno bisogno di più allenamento!",
    "Non affronto principianti in battaglia. Sparisci!",
    "Credo che sarebbe meglio un po' più di esercizio prima di batterci, che ne dici?",
    "E quelli li definiresti Pokémon? Levati dai piedi, perdente.",
    "Non ci siamo... Non potresti mai battermi in queste condizioni!",
    "Stai sopravvalutando i tuoi Pokémon. Allenati di più!",
    "Cosa credi di fare!? Ritorna quando sarai più forte... ",
    "Non è ancora il tuo momento... Devi allenarti!",
    "Eh no, non ci siamo... Sei ancora troppo debole per battermi!.",
    "Ancora un po' di esperienza e potremmo lottare insieme!",
    "Se vuoi dare il massimo nel nostro incontro avrai bisogno di allenarti di più!",
    "Levati di torno, principiante. Non ho tempo da perdere con te!",
    "Non credo tu sia ancora alla mia altezza.",
    "Un perdente come te non può permettersi di affrontarmi!",
    "Tu e la tua squadra avete bisogno di più allenamento!",
    "Allenati di più.. Poi torna da me e sfidami! ",
    "Devo aspettare che i tuoi Pokémon si livellino da soli? Datti da fare.",
    "Combatteremo quando sarai più forte.",
    "Hai talento, ma forse non ti basterà contro di me...",
    "Che ne diresti di allenarti di più prima di sfidarmi?",
    "C'è bisogno di più impegno se vuoi sperare di battermi!",
    "Levati di mezzo, i miei Pokémon ",
    "I miei Pokémon mangerebbero la tua squadra a colazione. Allenati ancora!",
    "Non è ancora tempo di sfidarmi.",
    "Che perdente! Dove credi di andare con quella squadra così scarsa!?",
    "Che squadra di perdenti... Sparisci dalla mia vista!",
    "Non credo sia la scelta giusta per i tuoi Pokémon affrontarmi ora!",
    "Ancora uno sforzo e sarai al mil livello. Non ti arrendere!",
    "Fai sul serio? Non puoi affrontarmi così!",
    "Perderesti anche se giocassi ad occhi chiusi. Hai bisogno di allenare la tua squadra!",
    "Allena i tuoi Pokémon e poi ritorna per una vera sfida!",
    "Se vuoi dare il massimo nel nostro incontro avrai bisogno di allenarti di più!",
    "Non è ancora il momento di sfidarmi."
  ],
  "over_level_cap": [
    "Some of your Pokémon do not seem to fully respect you.",
    "Some Pokémon in your team appear to be too strong for you to handle.",
    "Your Pokémon do not trust you. Maybe acquire more badges to prove them your worth?",
    "You do not seem to be ready to fight with Pokémon of that level.",
    "Maybe you should store some of your Pokémon that do not respect you yet, it seems dangerous to fight with them.",
    "You do not seem to be ready to handle such strong Pokémon. You should store them until you have enough badges to prove them your strength.",
    "Your Pokémon seem a bit too powerful for you right now.",
    "It looks like your Pokémon aren't quite listening to you.",
    "Gaining more badges might help you earn your Pokémon's respect.",
    "Your Pokémon seem too strong for your current experience.",
    "Perhaps your Pokémon need more proof of your skills.",
    "You might find it hard to control such high-level Pokémon.",
    "Earning more badges will show your Pokémon you're capable.",
    "Your team seems to question your authority.",
    "Your Pokémon's power might be overwhelming for you.",
    "Gaining gym badges could improve your bond with them.",
    "Your Pokémon are challenging your leadership.",
    "You may not be ready to handle these powerful allies yet.",
    "Building trust with your Pokémon starts with earning badges.",
    "Some of your Pokémon don't seem to take you seriously.",
    "Earn more badges to prove your strength to your team.",
    "Your Pokémon might be out of your control right now.",
    "It's tough to command respect without more gym badges.",
    "Your Pokémon's level seems beyond your current ability.",
    "Gaining gym badges will help your Pokémon respect you.",
    "Your team needs more assurance of your leadership.",
    "Consider earning more badges to gain their trust.",
    "Your Pokémon seem to doubt your capabilities.",
    "You may need more experience to handle those Pokémon.",
    "Your bond with your Pokémon could use more development.",
    "Maybe it's time to prove your worth to your Pokémon.",
    "Your Pokémon seem hesitant to follow your lead.",
    "It seems like your team questions your experience.",
    "Earning badges will strengthen your connection with them.",
    "Your Pokémon are powerful, but are you ready for them?",
    "Show your team you're worthy by gaining more badges.",
    "Your Pokémon may not listen until you prove yourself.",
    "Consider storing high-level Pokémon until you're ready.",
    "Your team is looking for a stronger leader.",
    "Building trust takes time and gym victories.",
    "Some Pokémon in your team are beyond your current skill.",
    "You need more badges to command their respect.",
    "Your Pokémon's strength requires more leadership.",
    "Prove yourself to your Pokémon by earning more badges.",
    "Your team needs a stronger display of leadership.",
    "Your current experience may not suffice for those Pokémon.",
    "They may not obey you until you gain more badges.",
    "Earn more gym badges to command their loyalty.",
    "Some Pokémon may challenge your authority without badges.",
    "Your team needs more proof of your leadership skills.",
    "You seem to lack the experience to lead high-level Pokémon.",
    "Building trust with your Pokémon requires more badges.",
    "Your Pokémon's respect may hinge on your badge count.",
    "Gain more badges to earn the trust of your Pokémon.",
    "Your Pokémon seem uncertain of your leadership.",
    "Prove your capabilities by collecting more badges.",
    "Your current badge count may not impress your Pokémon.",
    "Your team needs to see more of your strength in battle.",
    "High-level Pokémon need more experienced trainers.",
    "Earning badges will show your Pokémon you're ready.",
    "Some of your Pokémon may not be under your control.",
    "Earn more badges to enhance your bond with them.",
    "Your Pokémon's loyalty might depend on your badges.",
    "Without more badges, your team may not respect you.",
    "Show your strength by challenging more gym leaders.",
    "Your Pokémon seem too strong for your badge level.",
    "Earn gym badges to solidify your leadership.",
    "Your current skill may not match your Pokémon's power.",
    "You need more gym victories to lead those Pokémon.",
    "Some Pokémon may not follow you until you earn more badges."
  ],
  "battle_start": [
    "Arrenditi subito, o preparati a combattere!",
    "È la giornata perfetta per una sfida, non credi?",
    "Credi di farmi paura!? Combatti!",
    "I miei Pokémon non vedono l'ora di batterti!",
    "Credi forse di riuscire a battermi!?",
    "Fammi vedere cosa sai fare, combatti!",
    "Ti credi forte? Metti in mostra i Pokémon invece della lingua!",
    "Facciamola finita in fretta...",
    "Non vedo l'ora di batterti e di dirlo a tutti!",
    "Eh? Vuoi lottare? Perchè no!",
    "Non mi tiro mai indietro di fronte ad una sfida!",
    "Una sfida Pokémon? Fantastico, non conosco modo migliore per mostrarti la mia forza",
    "Di solito non affronto dilettanti, ma per te farò un'eccezione",
    "I tuoi Pokémon sembrano in forma, vediamo cosa sanno fare!",
    "Una sfida contro di me? Prendi in considerazione l'idea di perdere...",
    "Non c'è giorno migliore per una lotta Pokémon!",
    "Stavo facendo una passeggiata, ma non mi tiro mai indietro di fronte ad una sfida!",
    "Ho insegnato ai miei Pokémon nuove mosse, adesso te le mostro!",
    "Sembri in gamba! Mi fa piacere lottare contro di te.",
    "Non sei un po' troppo giovane per le lotte Pokémon?",
    "Finalmente ti sei deciso a sfidarmi!",
    "Una sfida!? Qui, davanti a tutti?! Credi sia una buona idea?",
    "Ti farò vedere il risultato dei miei allenamenti giornalieri!",
    "Una sfida Pokémon? Che magnifica occasione per darti una bella lezione!",
    "Una sfida Pokémon? Sarà un grande onore per te vedermi combattere!",
    "Una sfida Pokémon contro di te?! Sarà patetica...",
    "Mi piace mettermi in gioco, ti farò vedere cosa so fare!",
    "La mamma non ti ha detto che non bisogna sfidare gli sconosciuti!?",
    "Amo le sfide Pokémon, mi fanno scoprire sempre qualcosa che prima non conoscevo!",
    "Hai interrotto la mia passeggiata, adesso te la vedrai con me!",
    "Ti do una mossa di vantaggio così non potrai dire che la mia vittoria sarà immeritata",
    "Non ho ancora trovato una persona in grado di battermi. Lottiamo!",
    "Stavo facendo un po' di riscaldamento, vuoi unirti a me?",
    "Una sfida Pokémon? Ma certo! Ho già sfidato il mondo quando ho deciso di essere felice!",
    "I tuoi Pokémon non saranno mai veloci come i miei. Combattiamo! ",
    "Accetto la sfida. Sono pronto a distruggerti!",
    "Questa sfida Pokémon sarà solo una tappa del tuo viaggio, ma fai del tuo meglio!",
    "Una sfida Pokémon? Basta che sia veloce...",
    "Più è grande il tuo orgoglio , più sarà soddisfacente batterti!",
    "Sei così giovane.. Alla tua età non dovresti combattere!",
    "I miei Pokémon saranno felici di darti una lezione!",
    "Sono ad un passo dalla Lega... Non posso perdere ora!",
    "Vuoi sfidarmi? Non farmi perdere tempo però...",
    "Oggi è proprio la mia giornata, una bella sfida Pokémon non può che farmi bene!",
    "È meglio che ci pensi due volte prima di sfidarmi, non sono un dilettante come te!",
    "Che belli che sono i tuoi Pokémon! Se ti sfido potrò vederli da vicino!",
    "Ho appena fatto il bagnetto alla mia squadra di Pokémon, guarda come luccica il loro pelo!",
    "Vincere... È l'unica cosa che conta per me!",
    "Preparati, non sarà facile battermi!",
    "Fai in modo che sfida Pokémon possa aiutarti nel tuo percorso di crescita...",
    "Mi piace lottare con i giovani talenti come te!",
    "I principianti mi fanno solo perdere tempo.. Ti darò una lezione!",
    "Hai una bella faccia tosta a sfidarmi! Vediamo cosa sai fare",
    "Non vedo l'ora di dire alla mamma che ho combattuto una sfida Pokémon!",
    "Non credere di poter vincere facilmente, ora ti mostro cosa so fare!",
    "Oggi ho catturato dei Pokémon, vuoi vederli?",
    "Una sfida Pokémon? Spero solo che tu sappia cosa stai facendo!",
    "Ce la metterò tutta. Combattiamo!",
    "Quando avrò finito con te, pregherai di non avermi mai incontrato!",
    "I Pokémon sono bellissimi quando combattono, sei d'accordo?",
    "Non c'è niente di meglio di una bella sfida Pokémon!"
  ],
  "battle_lost": [
    "Non ci credo...",
    "Okay, proprio non me lo aspettavo!",
    "Hai avuto solo fortuna!",
    "Essere capaci di sorridere dopo una sconfitta è la migliore vittoria.",
    "Chi lotta può perdere, chi non lotta ha già perso.",
    "Lo sai cos'è un perdente? Il vero perdente è uno che ha così paura di non vincere che nemmeno ci prova!",
    "Sei più forte di quanto pensassi!",
    "Ho perso perché non ho scelto bene il campo di battaglia.",
    "Chi dice che vincere o perdere non conta, probabilmente ha perso...",
    "Non vantarti di questa vittoria, la prossima volta vincerò!",
    "Sei stato migliore di me, te lo concedo.",
    "L'arte di vincere la si impara nelle sconfitte.",
    "Ci sono molte vittorie peggiori di una sconfitta.",
    "Non dimentico mai una faccia, ma nel tuo caso sarei felice di fare un’eccezione.",
    "Ho bisogno di allenarmi di più!",
    "Come ho potuto perdere contro un dilettante come te?!",
    "Wow, complimenti! Che bel legame che c'è tra te e i tuoi Pokémon!",
    "Ho dato il massimo e questo mi basta! Complimenti per la vittoria.",
    "Non è giusto! Non ero nella mia forma migliore!",
    "È stata una bella battaglia, meriteresti una medaglia!",
    "Ti ho lasciato vincere, credevo fosse scontato...",
    "La prossima volta vincerò io!",
    "Ho imparato molto da questa sconfitta, quindi in realtà ho vinto!",
    "Delle volte perdere è addirittura più importante che vincere.",
    "Hai fatto un lavoro fantastico con i tuoi Pokémon!.",
    "Mi allenerò tantissimo per il nostro prossimo incontro! ",
    "Hai ferito il mio orgoglio....",
    "Niente è così odioso come la fortuna degli altri...",
    "Ti sei guadagnato il mio rispetto, complimenti!",
    "C'è chi ride prima e chi ride dopo...",
    "Ti ho sottovalutato troppo...",
    "A volte faccio delle scelte sbagliate anche io...",
    "Questo non mi fermerà dal diventare il meglio del meglio!",
    "Scommetto che ora andrai in giro a vantarti di questa vittoria...",
    "Mi piace usare i momenti difficili del passato per motivarmi oggi.",
    "Non puoi battere una persona che non si arrende mai.",
    "È tutta colpa dei miei Pokémon, non si sono impegnati abbastanza!",
    "Hai avuto quello che volevi, ora sparisci!",
    "Più ti guardo, più la mia autostima cala! ",
    "Farò del mio meglio la prossima volta!",
    "Capita a tutti una giornata no, non credi?",
    "Da oggi, penserò a te ogni volta che mi allenerò!",
    "Ed io che pensavo di essere in grado di vincere ogni sfida...",
    "Hai troppa fiducia nei tuoi Pokémon. È impossibile batterti!",
    "Forse era meglio restare a casa oggi...",
    "Sei giovane.. Eppure hai forza da vendere, complimenti!",
    "È stata una vittoria giusta. Ho perso per la mia superbia...",
    "Non sarà certo una sconfitta a fermarmi!",
    "Forse è il caso di insegnare nuove mosse ai miei Pokémon...",
    "Ma come è possibile!? Mi stai dicendo che ho perso!?",
    "Cos'è che ti rende così forte?!",
    "Adesso sono io il primo dei perdenti...",
    "Ho davvero perso una sfida contro di te?!.",
    "Io non perdo mai. O vinco o imparo.",
    "Un giorno supererò tutti, anche te!",
    "Appena possibile, voglio sfidarti di nuovo!",
    "Ho collezionato troppo sconfitte...",
    "Sarà meglio lasciar perdere le sfide, non fanno per me!",
    "Posso perdere una battaglia, ma non perderò mai la fiducia!",
    "Ben fatto. Ovunque tu vada, vacci a testa alta!",
    "Stavolta credevo di farcela...",
    "Per un soffio! Mi hai rubato la vittoria all'ultimo istante!",
    "Da dove hai detto che vieni?! Non sapevo ci fossero persone forti come te lì...",
    "Devo delle scuse alla mia squadra di Pokémon...",
    "Che incredibile scontro! Ho ancora molto da imparare, vero?",
    "Hai avuto quel che volevi, ora sparisci...." ,
    "Meglio il pianto di una sconfitta che la vergogna di non aver lottato." ,
    "La sconfitta di oggi sarà il trampolino per la vittoria di domani"
  ],
  "battle_won": [
    "La vittoria non arriverà mai a coloro che non sono pronti ad affrontare la sconfitta",
    "Hai ancora molto da imparare!",
    "Sono sempre contento quando riesco a darti una lezione!",
    "Un altro giorno, un'altra vittoria!",
    "Non si può vincere sempre, ma io faccio eccezione!",
    "Ci sono modi sbagliati per vincere e modi giusti per perdere.Tu hai perso molto bene!",
    "Hai talento ma non ti è bastato.",
    "I tuoi Pokémon sono forti! È il loro allenatore il problema! ",
    "È stato troppo facile...",
    "Una vittoria meritata, non credi?",
    "Sono più forte! Non solo ti metto K.O, ma scelgo anche il round.",
    "La vittoria non ha gusto contro un perdente",
    "Un'altra vittoria per la mia collezione!",
    "Sarà meglio sfidarci quando sarai più forte.",
    "Non disperare. Ogni sconfitta è un passo verso la vittoria.",
    "Sei forte, ma non abbastanza! ",
    "La pratica rende perfetti, ricordatelo in futuro",
    "La prossima volta vincerò ancora!.",
    "Non posso duellare davvero se so in anticipo di vincere sempre.",
    "Sei testimone della mia vittoria!",
    "Se non giochi per vincere, non giocare affatto.",
    "Più difficile è la vittoria, più grande è la felicità di vincere",
    "Il tuo viaggio è appena iniziato. Andrà meglio, vedrai!",
    "Direi che per oggi basta vincere!",
    "Non ti arrendere, migliorerai presto.",
    "Un ottimo riscaldamento, quando combatterai sul serio?",
    "Oggi non è proprio la tua giornata!",
    "Ah! Questa sì che è stata una vittoria come si deve!",
    "La vittoria ha un sapore così dolce...",
    "Hai avuto coraggio! La prossima volta ci riuscirai",
    "Puoi andare, per oggi ho fatto il pieno di perdenti",
    "I sorrisi più belli li ho visti sul volto degli allenatori come te!",
    "Essere sconfitti non è un fallimento, ma rimanere fermi dove si è caduti lo è",
    "Avrai più fortuna la prossima volta",
    "Allenarsi è l'unico modo per cambiare le cose!",
    "Non c'è mai riposo per i migliori...",
    "Hai sfidato anche la mia pazienza e hai perso comunque!",
    "Una vittoria è una vittoria e oggi tocca a me vincere!",
    "Più grande del mio talento c'è solo l'orgoglio!",
    "Non sei ancora pronto.. Devi allenarti!",
    "Aspetterò con ansia la rivincita!",
    "Oggi sono insuperabile, sarebbe meglio lottare un'altro giorno!",
    "Torna da dove sei venuto, dilettante...",
    "Ti servirà più di qualche bella mossa per battermi!",
    "Avevo vinto già in partenza, volevo solo vederti all'opera. ",
    "Finalmente posso dire ai miei amici di aver vinto!",
    "Hai fatto del tuo meglio! Prova ancora!",
    "Oggi sono su un'altro livello!",
    "Ho imparato molto da te, adesso fai riposare i tuoi Pokémon!",
    "Oggi vinco io. Domani pure.",
    "Adesso potrai dire di averci provato, la prossima volta ci riuscirai!",
    "I tuoi Pokémon hanno bisogno di più allenamento!",
    "Non riuscirai mai a battermi, dilettante!",
    "Credevi davvero di riuscire a battermi?",
    "La tua sconfitta è solo un passo in più verso il mio successo!",
    "Un rivale in meno. Oggi è un gran bel giorno!",
    "Assicurati di non fare mai meno del tuo meglio!",
    "I miei Pokémon sono i migliori! L'allenamento finalmente dà i suoi frutti",
    "La mia vittoria è stata un lampo a ciel sereno!",
    "Non aver paura di sfidarmi di nuovo. Ti aspetto!",
    "Vincere non è importante, è l'unica cosa che conta!",
    "Sei ancora qui? È meglio che torni a casa! ",
    "Perdere non mi è concesso, infatti vinco sempre!",
    "La prossima volta sarà quella buona per te, lo sento!",
    "I tuoi Pokémon sono sempre così felici di perdere? ",
    "Vinco così spesso che faccio fatica a ricordarmi tutti i duelli!",
    "Con la motivazione giusta, tutto è possibile! Sfidami ancora!",
    "Non è mai stato tanto facile vincere!",
    "Ti spedirò una cartolina dalla Lega Pokémon se non riuscirai ad arrivarci!" ,
    "Credi ancora di essere forte!?!",
    "Nessuno può battermi!",
    "È stato imbarazzante per te...",
    "Qualcuno doveva darti una bella lezione!",
    "Andrò a vantarmi della mia vittoria con i miei amici!",
    "È stata una sfida piuttosto difficile ma ce l'ho fatta!",
    "Mi aspettavo di più.. Che delusione!",
    "Ti è bastato o ne vuoi ancora?!",
    "Ti ho dato un'occasione e l'hai sprecata...",
    "Ora che mi dici?!",
    "Migliorerai, prima o poi. Serve tempo e allenamento.",
    "Avrei potuto batterti anche ad occhi chiusi",
    "Nessuno può tenermi testa quando combatto!",
    "Questa vittoria la dedico ai miei Pokémon, loro meritano il meglio!",
    "Ho superato i miei limiti oggi! Grazie per questa battaglia!",
    "Accetta la sconfitta e continua per la tua strada..",
    "Conquisterò tutte le medaglie della Nazione!",
    "Hai combattuto molto bene ma i tuoi Pokémon sono esausti ora, riposati!",
    "So che le Pokéball per i perdenti come te le danno gratis...",
    "Sei sicuro che sfidarmi sia stata la scelta giusta per te!?"
  ],
  "on_cooldown": [
    "Mi serve una pausa, adesso.",
    "Porterò la mia squadra al centro Pokémon. Lotteremo più tardi",
    "Scusa, adesso ho da fare.",
    "Devo comprare una scorta di Pozioni per la prossima battaglia.",
    "Lotteremo più tardi, adesso vado a riposare.",
    "Adesso sparisci!",
    "Ora ho altro da fare, lotteremo più tardi.",
    "I miei Pokémon hanno bisogno di una pausa adesso.",
    "Scusa, ora non mi sento molto in forma...",
    "Lasciami stare, ora non ho voglia di lottare.",
    "Ora non posso, ho altro cui pensare.",
    "Non hai qualcun altro da importunare?",
    "Credo che andrò a casa, adesso.",
    "Basta sfide Pokémon per oggi.",
    "Non è una buona idea terminare una lotta e iniziarne una subuto dopo.",
    "Adesso non mi va di lottare. ",
    "I miei Pokémon hanno bisogno di un bagnetto adesso.",
    "Sarebbe meglio far riposare la tua squadra di Pokémon.",
    "Vorrei passare da un centro Pokémon prima della prossima sfida.",
    "Mi dispiace, adesso ho altri impegni.",
    "Non voglio interrompere la mia passeggiata ora.",
    "Per oggi basta lottare.",
    "Ora non ho tempo da dedicare ad un'altra sfida.",
    "Non ho tempo per te, adesso.",
    "Hai esaurito la pazienza che mi era rimasta.",
    "Non ne hai avuto abbastanza per oggi!?",
    "Abbiamo tutti bisogno di una pausa, ora.",
    "È meglio fermarci, per adesso.",
    "Voglio andare a casa, ora.",
    "È arrivato il momento di fermarsi.",
    "Ho bisogno di alcune cose prima della prossima sfida.",
    "Allenerò i miei Pokémon al meglio per il nostro prossimo incontro.",
    "Insegnerò ai miei Pokémon mosse migliori per il nostro prossimo incontro.",
    "Non ho più tempo per i principianti...",
    "Va' a casa, non abbiamo più nulla da fare.",
    "Che razza di allenatore sei? Fai riposare i tuoi Pokémon prima!",
    "Non ti è bastata la nostra sfida di prima?",
    "Mi indicheresti il centro Pokémon più vicino?",
    "Devo prendermi cura dei miei Pokémon ora",
    "Non voglio vedere la tua faccia, adesso.",
    "Smettila di chiedermi un'altra sfida, la faremo domani.",
    "Ho bisogno di una pausa, non ora.",
    "Ora non ho voglia di un'altra sfida.",
    "Scusami, adesso devo dare da mangiare ai miei Pokémon.",
    "Non mi infastidire, per oggi basta lottare.",
    "Devo insegnare ai miei Pokémon nuove strategie per vincere",
    "Credo che adesso andrò a fare una passeggiata.",
    "Devo andarmene da qui.",
    "Se dovessimo lottare ora potremmo far del male ai nostri Pokémon.",
    "Combatteremo di nuovo solo quando sarò più in forma.",
    "I miei Pokémon non sono pronti per una nuova battaglia.",
    "Credo che andrò a comprare un gelato..",
    "Nella vita non ci sono solo gli scontri Pokémon, sai?",
    "Perchè non facciamo una pausa?",
    "Togliti dai piedi, principiante."
  ],
  "is_busy": [
    "Non lo vedi che sto già combattendo?",
    "Scusa, ora non posso parlare. Devo concentrarmi!",
    "Sparisci, dilettante. Sto già combattendo!",
    "Aspetta un attimo, sto finendo di combattere!",
    "Non posso sfidarti ora, sono nel bel mezzo di un'altra battaglia!",
    "Prima devo finire un altro incontro!",
    "Vattene via, ho da fare!",
    "Non ho tempo per te ora!",
    "Ho una sfida Pokémon da vincere!",
    "Aspetta, non lo vedi che mi sto concentrando sul mio incontro!?",
    "Non ora!",
    "Devo finire questa sfida Pokémon!",
    "Non ho tempo per te, devo combattere!",
    "La mia squadra di Pokémon è già impegnata in un altro incontro!",
    "Non posso, adesso!",
    "Non lo vedi che sto combattendo!? Vattene!",
    "Questa sfida Pokémon è difficile, non distrarmi!",
    "Non posso!",
    "Accetterò la tua sfida solo dopo che avrò finito la mia!",
    "Mi stai deconcentrando!",
    "Una sfida!? Ora!? Togliti di mezzo!",
    "Non posso sfidarti adesso!",
    "Non posso accettare la tua sfida, sto già combattendo!",
    "Questo incontro è importante per me, accetterò la tua sfida più tardi.",
    "È il momento più delicato dell'incontro. Non importunarmi!",
    "Ho già accettato un'altra sfida, aspetta!",
    "Non adesso.",
    "Non distrarmi.",
    "Levati di mezzo, non vedo il campo di battaglia!",
    "Potresti spostarti per favore?",
    "Smettila di parlarmi, non lo vedi che ho da fare!?",
    "Guarda che se perdo è colpa tua. Smettila di distrarmi!",
    "Devo vincere questo incontro!",
    "Non posso interrompere a metà la mia sfida!",
    "Levati, dilettante. E fatti un giro!",
    "I miei Pokémon sono in difficoltà... Non distrarmi!",
    "Sto per vincere, non distrarmi!",
    "Manca poco per la fine di questa sfida, aspetta!",
    "Non interrompere la mia sfida Pokémon sul più bello!",
    "Non interrompermi!",
    "La mia sfida non è ancora finita!",
    "Mi dispiace, sono nel mezzo di un altro incontro!",
    "La mia squadra di Pokémon sta già combattendo, non vedi!?",
    "Puoi aspettare? Finisco questa lotta Pokémon e poi ti sfido!",
    "Non posso affrontare due sfide Pokémon contemporaneamente",
    "Il mio avversario è un tipo tosto.. Sono in difficoltà!",
    "Mi manca un ultimo sforzo per vincere!",
    "Levati di torno, mi distrai!",
    "Non posso distrarmi proprio ora!",
    "Scusa, adesso non possiamo parlare.",
    "Scusa, non posso risponderti al momento.",
    "Posso farcela... Posso vincere!",
    "Mamma mia! I miei Pokémon sono in splendida forma, non trovi?",
    "Quando combatto mi sento così bene!",
    "Non distrarmi, è il mio turno!",
    "I miei Pokémon sono adorabili, non trovi?",
    "Se mi dovessi distrarre, potrei perdere!",
    "Proprio adesso?! Non lo vedi che sto già combattendo!?",
    "Mi hanno già sfidato, torna più tardi."

  ],
  "player_busy": [
    "Dovresti prima finire l'altra battaglia!",
    "Faccio il tifo per te!",
    "Concentrati sulla sfida che stai già affrontando!",
    "Finisci prima la tua sfida!",
    "Guarda che non vado via, finisci il tuo incontro!",
    "Fammi vedere cosa sai fare, poi ci sfidiamo.",
    "Che sfida patetica... dai, sbrigati, poi combattiamo!",
    "Hai quasi finito la tua sfida, non mollare proprio ora!",
    "La tua capacità di concentrazione è già così scarsa... Finisci il tuo incontro!",
    "Non ti distrarre da una sfida Pokémon!",
    "Guarda che non è una grande idea distrarsi durante una sfida Pokémon!",
    "I tuoi Pokémon sono già così patetici... Almeno non disastri!",
    "Potresti perdere la sfida Pokémon se ti distrai così facilmente!",
    "Non te l'hanno insegnato che distrarsi da una sfida Pokémon è sbagliato!?",
    "Mentre parli con me i tuoi Pokémon stanno combattendo, non è una scelta saggia...",
    "Una sfida Pokémon esilarante! Non vedo l'ora di vedere come finisce!",
    "vediamo le mosse finali del tuo Pokémon!",
    "Concentrati sul tuo attuale avversario!",
    "Sto facendo il tifo per te!",
    "Wow, che sfida! Non vedo l'ora di battermi con te!",
    "Il tuo avversario meriterebbe tutta la tua attenzione!",
    "Rischi di perdere se non ti concentri abbastanza sulla tua sfida attuale!",
    "I tuoi Pokémon sembrano così in forma! Qual è il tuo segreto!?",
    "Sei incredibile! Dove hai imparato quelle mosse!?",
    "Posso approfittare della tua sfida per vedere come combatti...",
    "Mentre finisci la tua sfida Pokémon, io preparo la mia squadra.",
    "Mentre finisci la tua lotta io studio una strategia vincente!",
    "Potrebbe essere pericoloso allontanarsi da una lotta Pokémon in corso!",
    "Ora non è proprio il momento di un incontro doppio!",
    "Hai già iniziato una lotta Pokémon!",
    "Sto aspettando la fine del tuo incontro... ",
    "Due lotte Pokémon non sono una buona idea, ora!",
    "Io sono disponibile per un incontro, ma tu a quanto pare no!",
    "Ehi, un dilettante come te non può ancora permettersi incontri doppi!",
    "Sconfiggi prima il tuo attuale avversario!",
    "La lotta Pokémon che stai affrontando merita la tua completa attenzione!",
    "Impara a camminare prima di correre... Una sfida alla volta!",
    "Se vuoi combattere con me devi darmi la tua completa attenzione!",
    "Non sono un avversario facile, per nostra sfida dovrai concentrarti di più!",
    "Due sfide contemporaneamente?! Mi sembra troppo, perfino per te!",
    "Puoi sfidare un solo allenatore alla volta.",
    "Non puoi concentrati su due sfide Pokémon allo stesso tempo!",
    "Mentre parliamo, la tua sfida continua!",
    "Non distrarti proprio alla fine della tua sfida!",
    "Cerchi di scappare dal tuo attuale incontro!?",
    "Qual è la tua strategia per vincere!?"
  ],
  "done_looser": [
    "Una sconfitta è solo l'inizio di qualcosa di migliore",
    "Hai avuto solo fortuna!",
    "Ho imparato molto da questa sconfitta, quindi in realtà ho vinto!",
    "Wow.. Sono davvero senza parole!",
    "Hai il talento per fare grandi cose! ",
    "Certe volte bisogna perdere. Solo così si impara a vincere!",
    "Che magnifica battaglia! Rifacciamolo, quando ti va!",
    "Quindi è così che ci si sente ad essere un perdente...",
    "La prossima volta vincerò io!",
    "Ancora non ci credo...",
    "Okay, proprio non me lo aspettavo!",
    "Hai avuto solo fortuna!",
    "Essere capaci di sorridere dopo una sconfitta è la migliore vittoria.",
    "Chi lotta può perdere, chi non lotta ha già perso",
    "Lo sai cos'è un perdente? Il vero perdente è uno che ha così paura di non vincere che nemmeno ci prova!",
    "Sei più forte di quanto pensassi!",
    "Ho perso perché non ho scelto bene il campo di battaglia.",
    "Chi dice che vincere o perdere non conta, probabilmente ha perso...",
    "Non vantarti di questa vittoria, la prossima volta vincerò!",
    "Sei stato migliore di me, te lo concedo.",
    "L'arte di vincere la si impara nelle sconfitte.",
    "Ci sono molte vittorie peggiori di una sconfitta.",
    "Non dimentico mai una faccia, ma nel tuo caso sarei felice di fare un’eccezione.",
    "Ho bisogno di allenarmi di più!",
    "Come ho potuto perdere contro un dilettante come te?!",
    "Wow, complimenti! Che bel legame che c'è tra te e i tuoi Pokémon!",
    "Ho dato il massimo e questo mi basta! Complimenti per la vittoria.",
    "Non è giusto! Non ero nella mia forma migliore!",
    "È stata una bella battaglia, meriteresti una medaglia!",
    "Ti ho lasciato vincere, credevo fosse scontato...",
    "La prossima volta vincerò io!",
    "Ho imparato molto da questa sconfitta, quindi in realtà ho vinto!",
    "Delle volte perdere è addirittura più importante che vincere.",
    "Hai fatto un lavoro fantastico con i tuoi Pokémon!.",
    "Mi allenerò tantissimo per il nostro prossimo incontro! ",
    "Hai ferito il mio orgoglio....",
    "Niente è così odioso come la fortuna degli altri...",
    "Ti sei guadagnato il mio rispetto, complimenti!",
    "C'è chi ride prima e chi ride dopo...",
    "Ti ho sottovalutato troppo...",
    "A volte faccio delle scelte sbagliate anche io...",
    "Questo non mi fermerà dal diventare il meglio del meglio!",
    "Scommetto che ora andrai in giro a vantarti di questa vittoria...",
    "Mi piace usare i momenti difficili del passato per motivarmi oggi.",
    "Non puoi battere una persona che non si arrende mai.",
    "È tutta colpa dei miei Pokémon, non si sono impegnati abbastanza!",
    "Hai avuto quello che volevi, ora sparisci!",
    "Più ti guardo, più la mia autostima cala! ",
    "Farò del mio meglio la prossima volta!",
    "Capita a tutti una giornata no, non credi?",
    "Da oggi, penserò a te ogni volta che mi allenerò!",
    "Ed io che pensavo di essere in grado di vincere ogni sfida...",
    "Hai troppa fiducia nei tuoi Pokémon. È impossibile batterti!",
    "Forse era meglio restare a casa oggi...",
    "Sei giovane.. Eppure hai forza da vendere, complimenti!",
    "È stata una vittoria giusta. Ho perso per la mia superbia...",
    "Non sarà certo una sconfitta a fermarmi!",
    "Forse è il caso di insegnare nuove mosse ai miei Pokémon...",
    "Ma come è possibile!? Mi stai dicendo che ho perso!?",
    "Cos'è che ti rende così forte?!",
    "Adesso sono io il primo dei perdenti...",
    "Ho davvero perso una sfida contro di te?!.",
    "Io non perdo mai. O vinco o imparo.",
    "Un giorno supererò tutti, anche te!",
    "Appena possibile, voglio sfidarti di nuovo!",
    "Ho collezionato troppo sconfitte...",
    "Sarà meglio lasciar perdere le sfide, non fanno per me!",
    "Posso perdere una battaglia, ma non perderò mai la fiducia!",
    "Ben fatto. Ovunque tu vada, vacci a testa alta!",
    "Per un attimo ho creduto di farcela...",
    "Per un soffio! Mi hai rubato la vittoria all'ultimo istante!",
    "Da dove hai detto che vieni?! Non sapevo ci fossero persone forti come te lì...",
    "Devo delle scuse alla mia squadra di Pokémon...",
    "Che incredibile scontro! Ho ancora molto da imparare, vero?",
    "Hai avuto quel che volevi, ora sparisci...." ,
    "Meglio il pianto di una sconfitta che la vergogna di non aver lottato." ,
    "La sconfitta di oggi sarà il trampolino per la vittoria di domani"
  ],
  "done_winner": [
    "La vittoria non arriverà mai a coloro che non sono pronti ad affrontare la sconfitta",
    "Hai ancora molto da imparare!",
    "Sarò più soddisfatto quando riuscirò a darti una lezione!",
    "Mi hai solo fatto perdere del tempo prezioso!",
    "Non si può vincere sempre, ma provarci è un obbligo!",
    "Ci sono modi sbagliati per vincere e modi giusti per perdere.",
    "Hai talento. Perchè ti arrendi?",
    "I tuoi Pokémon sono forti! È il loro allenatore il problema! ",
    "È stato troppo facile...",
    "Proprio ora che stavo per batterti..",
    "Sono il più forte! Non solo posso metterti K.O, ma ti faccio scappar via!",
    "La vittoria non ha gusto contro un perdente",
    "Che incredibile perdita di tempo...",
    "Sarà meglio sfidarci quando sarai più forte",
    "La mia vittoria era così vicina...",
    "Credi di essere forte, ma non lo sei abbastanza",
    "La pratica rende perfetti, ricordatelo in futuro",
    "La prossima volta andremo fino in fondo!.",
    "Non posso duellare davvero se so in anticipo di vincere sempre.",
    "Forse è meglio così..",
    "Se non giochi per vincere, non giocare affatto.",
    "Più difficile è la vittoria, più grande è la felicità di vincere",
    "Il tuo viaggio è appena iniziato. Non vorrai fermarti proprio ora!",
    "Direi che per oggi è abbastanza, sei d'accordo?",
    "Non ti arrendere, migliorerai presto.",
    "Un ottimo riscaldamento, quando combatterai sul serio?",
    "Oggi non è proprio la tua giornata!",
    "Sono qui se vuoi riprovare!",
    "La vittoria ha un sapore così dolce...",
    "Hai avuto coraggio! La prossima volta non scapperai!",
    "Puoi andare, per oggi ho fatto il pieno di perdenti",
    "I sorrisi più belli li ho visti sul volto degli allenatori come te!",
    "Essere sconfitti non è un fallimento, ma rimanere fermi dove si è caduti lo è",
    "Avrai più fortuna la prossima volta",
    "Allenarsi è l'unico modo per cambiare le cose!",
    "Non c'è mai riposo per i migliori...",
    "Hai sfidato anche la mia pazienza e hai perso comunque!",
    "La tua resa è una mia vittoria, giusto?",
    "Più grande del mio talento c'è solo l'orgoglio!",
    "Non sei ancora pronto.. Devi allenarti!",
    "Aspetterò con ansia il prossimo incontro!",
    "Oggi sono insuperabile, sarebbe meglio lottare un'altro giorno!",
    "Torna da dove sei venuto, dilettante...",
    "Ti servirà più di qualche bella mossa per battermi!",
    "Avevo vinto già in partenza, volevo solo vederti all'opera. ",
    "Ne sei sicuro? Avrei potuto distruggerti sul campo di battaglia!",
    "Hai fatto del tuo meglio! Prova ancora!",
    "Non sei in grado di sconfiggermi! Non oggi, almeno...",
    "Ho imparato molto da te, adesso fai riposare i tuoi Pokémon!",
    "Oggi vinciamo entrambi. Domani vincerò io.",
    "Adesso potrai dire di averci provato, la prossima volta ci riuscirai!",
    "I tuoi Pokémon hanno bisogno di più allenamento!",
    "Hai avuto paura di perdere!?",
    "Credevi davvero di riuscire a battermi?",
    "La tua sconfitta è solo un passo in più verso il mio successo!",
    "Un rivale in meno. Oggi è un gran bel giorno!",
    "Assicurati di non fare mai meno del tuo meglio!",
    "I miei Pokémon sono i migliori!",
    "E tu credi di avere la stoffa per affrontare la Lega?!",
    "Non aver paura di sfidarmi. Ti aspetto!",
    "Vincere non è importante, è l'unica cosa che conta!",
    "Sei ancora qui? È meglio che torni a casa! ",
    "Arrendersi non dovrebbe essere concesso!",
    "La prossima volta sarà quella buona per te, lo sento!",
    "I tuoi Pokémon sono sempre così felici di arrendersi? ",
    "Hai paura? Fai bene.",
    "Con la motivazione giusta, tutto è possibile! Sfidami ancora!",
    "Non è stata una bella battaglia per te, vero?",
    "Ti spedirò una cartolina dalla Lega Pokémon se non riuscirai ad arrivarci!"
  ],
  "done_generic": [
    "Hai dei Pokémon in squadra troppo forti per questo combattimento. Non sarebbe leale! "
  ]
}
