{
	"type": "minecraft:tree",
	"config": {
		"ignore_vines": false,
		"force_dirt": true,
		"minimum_size": {
			"type": "minecraft:two_layers_feature_size",
			"limit": 1,
			"lower_size": 0,
			"upper_size": 1
		},
		"dirt_provider": {
			"type": "minecraft:simple_state_provider",
			"state": {
				"Name": "minecraft:rooted_dirt"
			}
		},
		"trunk_provider": {
			"type": "minecraft:simple_state_provider",
			"state": {
				"Name": "minecraft:oak_log",
				"Properties": {
					"axis": "y"
				}
			}
		},
		"foliage_provider": {
			"type": "minecraft:weighted_state_provider",
			"entries": [
				{
					"weight": 1,
					"data": {
						"Name": "minecraft:azalea_leaves",
						"Properties": {
							"distance": "7",
							"persistent": "false",
							"waterlogged": "false"
						}
					}
				},
				{
					"weight": 5,
					"data": {
						"Name": "minecraft:flowering_azalea_leaves",
						"Properties": {
							"distance": "7",
							"persistent": "false",
							"waterlogged": "false"
						}
					}
				}
			]
		},
		"trunk_placer": {
			"type": "minecraft:bending_trunk_placer",
			"base_height": 4,
			"height_rand_a": 2,
			"height_rand_b": 0,
			"bend_length": {
				"type": "minecraft:uniform",
				"min_inclusive": 1,
				"max_inclusive": 2
			},
			"min_height_for_leaves": 3
		},
		"foliage_placer": {
			"type": "minecraft:random_spread_foliage_placer",
			"radius": 3,
			"offset": 0,
			"foliage_height": 2,
			"leaf_placement_attempts": 50
		},
		"decorators": [
			{
				"type": "minecraft:beehive",
				"probability": 0.0
			}
		]
	}
}
