{
  "parent": "minecraft:story/follow_ender_eye",
  "criteria": {
    "entered_end": {
      "conditions": {
        "to": "minecraft:the_end"
      },
      "trigger": "minecraft:changed_dimension"
    }
  },
  "display": {
    "description": {
      "translate": "advancements.story.enter_the_end.description"
    },
    "icon": {
      "count": 1,
      "id": "minecraft:end_stone"
    },
    "title": {
      "translate": "advancements.story.enter_the_end.title"
    }
  },
  "requirements": [
    [
      "entered_end"
    ]
  ],
  "rewards": {
    "function": "cobbleverse:spawn_rayquaza"
  }
}