{
  "fallback": "minecraft:empty",
  "elements": [
    {
      "weight": 99,
      "element": {
        "element_type": "minecraft:single_pool_element",
        "projection": "rigid",
        "location": "cobbleverse:misty",
        "processors": "minecraft:empty"
      }
    },
    {
      "weight": 1,
      "element": {
        "element_type": "minecraft:single_pool_element",
        "projection": "rigid",
        "location": "cobbleverse:misty_shiny",
        "processors": "minecraft:empty"
      }
    }
  ]
}
