{
  "name": "Clair",
  "identity": "Leader Clair",
  "ai": {
    "type": "rct",
    "data": {
      "maxSelectMargin": 0.15
    }
  },
  "battleRules": {
    "maxItemUses": 2
  },
  "bag": [
    {
      "item": "cobblemon:full_restore",
      "quantity": 2
    }
  ],
  "team": [
    {
      "species": "dragapult",
      "gender": "MALE",
      "level": 95,
      "nature": "hasty",
      "ability": "clearbody",
      "moveset": [
        "dragondarts",
        "spiritshackle",
        "uturn",
        "dracometeor"
      ],
      "ivs": {
        "hp": 31,
        "atk": 31,
        "def": 31,
        "spa": 31,
        "spd": 31,
        "spe": 31
      },
      "evs": {
        "atk": 252,
        "spa": 4,
        "spe": 252
      },
      "heldItem": "focus_sash"
    },
    {
      "species": "dialga",
      "gender": "GENDERLESS",
      "level": 96,
      "nature": "adamant",
      "ability": "pressure",
      "moveset": [
        "roaroftime",
        "flamethrower",
        "flashcannon",
        "thunderbolt"
      ],
      "ivs": {
        "hp": 31,
        "atk": 31,
        "def": 31,
        "spa": 31,
        "spd": 31,
        "spe": 31
      },
      "evs": {
        "hp": 252,
        "spa": 252,
        "spd": 4
      },
      "heldItem": "leftovers"
    },
    {
      "species": "palkia",
      "gender": "GENDERLESS",
      "level": 97,
      "nature": "adamant",
      "ability": "pressure",
      "moveset": [
        "dragonbreath",
        "waterpulse",
        "aurasphere",
        "ancientpower"
      ],
      "ivs": {
        "hp": 31,
        "atk": 31,
        "def": 31,
        "spa": 31,
        "spd": 31,
        "spe": 31
      },
      "evs": {
        "atk": 252,
        "spd": 4,
        "spe": 252
      },
      "heldItem": "shell_bell"
    },
    {
      "species": "flapple",
      "gender": "MALE",
      "level": 96,
      "nature": "naive",
      "ability": "ripen",
      "moveset": [
        "dragonenergy",
        "energyball",
        "suckerpunch",
        "uturn"
      ],
      "ivs": {
        "hp": 31,
        "atk": 31,
        "def": 31,
        "spa": 31,
        "spd": 31,
        "spe": 31
      },
      "evs": {
        "atk": 4,
        "spa": 252,
        "spe": 252
      },
      "heldItem": "eject_pack"
    },
    {
      "species": "kyurem",
      "gender": "GENDERLESS",
      "level": 96,
      "nature": "jolly",
      "ability": "teravolt",
      "moveset": [
        "dragondance",
        "dragonhammer",
        "fusionbolt",
        "icehammer"
      ],
      "ivs": {
        "hp": 31,
        "atk": 31,
        "def": 31,
        "spa": 31,
        "spd": 31,
        "spe": 31
      },
      "evs": {
        "atk": 252,
        "spd": 4,
        "spe": 252
      },
      "heldItem": "lum_berry",
      "aspects": [
        "black"
      ]
    }
  ]
}