{
  "name": "Bugsy",
  "ai": {
    "type": "rct",
    "data": {
      "maxSelectMargin": 0.15
    }
  },
  "battleRules": {
    "maxItemUses": 2
  },
  "bag": [
    {
      "item": "cobblemon:full_restore",
      "quantity": 2
    }
  ],
  "team": [
    {
      "species": "beedrill",
      "gender": "FEMALE",
      "level": 24,
      "nature": "mild",
      "ability": "swarm",
      "moveset": [
        "venoshock",
        "pursuit",
        "twineedle",
        "furyattack"
      ],
      "ivs": {
        "hp": 31,
        "atk": 31,
        "def": 31,
        "spa": 31,
        "spd": 31,
        "spe": 31
      },
      "evs": {
        "hp": 40,
        "atk": 40,
        "spe": 252
      },
      "heldItem": "poison_barb"
    },
    {
      "species": "shuckle",
      "gender": "MALE",
      "level": 25,
      "nature": "impish",
      "ability": "sturdy",
      "moveset": [
        "wrap",
        "rockthrow",
        "strugglebug",
        "rollout"
      ],
      "ivs": {
        "hp": 31,
        "atk": 31,
        "def": 31,
        "spa": 31,
        "spd": 31,
        "spe": 31
      },
      "evs": {
        "atk": 4,
        "spa": 16,
        "spe": 252
      },
      "heldItem": "shell_bell"
    },
    {
      "species": "scyther",
      "gender": "FEMALE",
      "level": 26,
      "nature": "bashful",
      "ability": "technician",
      "moveset": [
        "bugbite",
        "aerialace",
        "brickbreak",
        "swordsdance"
      ],
      "ivs": {
        "hp": 31,
        "atk": 31,
        "def": 31,
        "spa": 31,
        "spd": 31,
        "spe": 31
      },
      "evs": {
        "atk": 4,
        "spa": 16,
        "spe": 252
      },
      "heldItem": "charti_berry"
    }
  ]
}