{
  "name": "Erika",
  "identity": "Leader Erika",
  "ai": {
    "type": "rct",
    "data": {
      "maxSelectMargin": 0.15
    }
  },
  "battleRules": {
    "maxItemUses": 2
  },
  "bag": [
    {
      "item": "cobblemon:full_restore",
      "quantity": 2
    }
  ],
  "team": [
    {
      "species": "tsareena",
      "gender": "FEMALE",
      "level": 60,
      "nature": "adamant",
      "ability": "queenlymajesty",
      "moveset": [
        "tripleaxel",
        "tropkick",
        "highjumpkick",
        "rapidspin"
      ],
      "ivs": {
        "hp": 31,
        "atk": 31,
        "def": 31,
        "spa": 31,
        "spd": 31,
        "spe": 31
      },
      "evs": {
        "hp": 6,
        "atk": 252,
        "spe": 252
      }
    },
    {
      "species": "bellossom",
      "gender": "MALE",
      "level": 62,
      "nature": "timid",
      "ability": "chlorophyll",
      "moveset": [
        "sleeppowder",
        "quiverdance",
        "gigadrain",
        "fierydance"
      ],
      "ivs": {
        "hp": 31,
        "atk": 31,
        "def": 31,
        "spa": 31,
        "spd": 31,
        "spe": 31
      },
      "evs": {
        "hp": 252,
        "spa": 4,
        "spe": 252
      },
      "heldItem": "leftovers"
    },
    {
      "species": "hawlucha",
      "gender": "FEMALE",
      "level": 60,
      "nature": "adamant",
      "ability": "unburden",
      "moveset": [
        "swordsdance",
        "acrobatics",
        "closecombat",
        "roost"
      ],
      "ivs": {
        "hp": 31,
        "atk": 31,
        "def": 31,
        "spa": 31,
        "spd": 31,
        "spe": 31
      },
      "evs": {
        "hp": 6,
        "atk": 252,
        "spe": 252
      },
      "heldItem": "grassy_seed"
    },
    {
      "species": "rillaboom",
      "gender": "FEMALE",
      "level": 60,
      "nature": "timid",
      "ability": "grassysurge",
      "moveset": [
        "swordsdance",
        "grassyglide",
        "acrobatics",
        "highhorsepower"
      ],
      "ivs": {
        "hp": 31,
        "atk": 31,
        "def": 31,
        "spa": 31,
        "spd": 31,
        "spe": 31
      },
      "evs": {
        "hp": 6,
        "spa": 252,
        "spe": 252
      },
      "heldItem": "grassy_seed"
    },
    {
      "species": "serperior",
      "gender": "FEMALE",
      "level": 60,
      "nature": "timid",
      "ability": "contrary",
      "moveset": [
        "leafstorm",
        "gigadrain",
        "dragonpulse",
        "leechseed"
      ],
      "ivs": {
        "hp": 31,
        "atk": 31,
        "def": 31,
        "spa": 31,
        "spd": 31,
        "spe": 31
      },
      "evs": {
        "hp": 6,
        "spa": 252,
        "spe": 252
      },
      "heldItem": "focus_sash"
    },
    {
      "species": "venusaur",
      "gender": "FEMALE",
      "level": 62,
      "nature": "modest",
      "ability": "overgrow",
      "moveset": [
        "gigadrain",
        "sludgebomb",
        "earthpower",
        "synthesis"
      ],
      "ivs": {
        "hp": 31,
        "atk": 31,
        "def": 31,
        "spa": 31,
        "spd": 31,
        "spe": 31
      },
      "evs": {
        "hp": 252,
        "spa": 252,
        "spe": 6
      },
      "heldItem": "leftovers"
    }
  ]
}