{
  "name": "Sabrina",
  "ai": {
    "type": "rct",
    "data": {
      "maxSelectMargin": 0.15
    }
  },
  "battleRules": {
    "maxItemUses": 3
  },
  "bag": [
    {
      "item": "cobblemon:full_restore",
      "quantity": 3
    }
  ],
  "team": [
    {
      "species": "hatterene",
      "gender": "FEMALE",
      "level": 49,
      "nature": "quiet",
      "ability": "magicbounce",
      "moveset": [
        "trickroom",
        "expandingforce",
        "drainingkiss",
        "mysticalfire"
      ],
      "ivs": {
        "hp": 31,
        "def": 31,
        "spa": 31,
        "spd": 31
      },
      "evs": {
        "hp": 252,
        "def": 4,
        "spa": 252
      },
      "heldItem": "weakness_policy"
    },
    {
      "species": "mrmime",
      "gender": "FEMALE",
      "level": 48,
      "nature": "gentle",
      "ability": "filter",
      "moveset": [
        "barrier",
        "psybeam",
        "psychic",
        "suckerpunch"
      ],
      "ivs": {
        "hp": 31,
        "atk": 31,
        "def": 31,
        "spa": 31,
        "spd": 31
      },
      "evs": {
        "hp": 252,
        "atk": 252,
        "def": 4
      },
      "heldItem": "focus_sash"
    },
    {
      "species": "alakazam",
      "gender": "MALE",
      "level": 50,
      "nature": "gentle",
      "ability": "synchronize",
      "moveset": [
        "psychic",
        "psyshock",
        "shadowball",
        "drainpunch"
      ],
      "ivs": {
        "hp": 31,
        "def": 31,
        "spa": 31,
        "spd": 31
      },
      "evs": {
        "hp": 252,
        "def": 252,
        "spd": 4
      },
      "heldItem": "scope_lens"
    },
    {
      "species": "rapidash",
      "gender": "FEMALE",
      "level": 48,
      "nature": "naughty",
      "ability": "synchronize",
      "moveset": [
        "megahorn",
        "dazzlinggleam",
        "psychic",
        "highhorsepower"
      ],
      "ivs": {
        "hp": 31,
        "atk": 31,
        "def": 31,
        "spa": 31,
        "spd": 31
      },
      "evs": {
        "hp": 252,
        "atk": 252,
        "def": 4
      },
      
      "heldItem": "twisted_spoon",
      "aspects": [
        "galarian"
      ]
    }
  ]
}