{
  "name": "Pryce",
  "ai": {
    "type": "rct",
    "data": {
      "maxSelectMargin": 0.15
    }
  },
  "battleRules": {
    "maxItemUses": 4
  },
  "bag": [
    {
      "item": "cobblemon:full_restore",
      "quantity": 4
    }
  ],
  "team": [
    {
      "species": "abomasnow",
      "gender": "FEMALE",
      "level": 95,
      "nature": "quiet",
      "ability": "soundproof",
      "moveset": [
        "earthpower",
        "blizzard",
        "woodhammer",
        "hiddenpower"
      ],
      "ivs": {
        "hp": 31,
        "atk": 31,
        "def": 31,
        "spa": 31,
        "spd": 31
      },
      "evs": {
        "hp": 248,
        "atk": 8,
        "spa": 252
      },
      "heldItem": "assault_vest"
    },
    {
      "species": "articuno",
      "gender": "GENDERLESS",
      "level": 95,
      "nature": "brave",
      "ability": "pressure",
      "moveset": [
        "powdersnow",
        "icebeam",
        "blizzard",
        "gust"
      ],
      "ivs": {
        "hp": 31,
        "atk": 31,
        "def": 31,
        "spa": 31,
        "spd": 31
      },
      "evs": {
        "hp": 248,
        "atk": 252,
        "def": 8
      },
      "heldItem": "oran_berry"
    },
    {
      "species": "kyurem",
      "gender": "GENDERLESS",
      "level": 95,
      "nature": "quiet",
      "ability": "pressure",
      "moveset": [
        "blizzard",
        "dracometeor",
        "earthpower",
        "freezedry"
      ],
      "ivs": {
        "hp": 31,
        "atk": 31,
        "def": 31,
        "spa": 31,
        "spd": 31
      },
      "evs": {
        "hp": 248,
        "def": 8,
        "spa": 252
      },
      "heldItem": "ice_gem"
    },
    {
      "species": "weavile",
      "gender": "FEMALE",
      "level": 97,
      "nature": "quiet",
      "ability": "pressure",
      "moveset": [
        "darkpulse",
        "iceshard",
        "feintattack",
        "icywind"
      ],
      "ivs": {
        "hp": 31,
        "atk": 31,
        "def": 31,
        "spa": 31,
        "spd": 31
      },
      "evs": {
        "hp": 252,
        "spa": 252
      },
      "heldItem": "sitrus_berry"
    },
    {
      "species": "avalugg",
      "gender": "FEMALE",
      "level": 97,
      "nature": "brave",
      "ability": "icebody",
      "moveset": [
        "powdersnow",
        "iciclecrash",
        "irondefense",
        "blizzard"
      ],
      "ivs": {
        "hp": 31,
        "atk": 31,
        "def": 31,
        "spd": 31
      },
      "evs": {
        "hp": 252,
        "atk": 252,
        "def": 4
      }
    }
  ]
}