{
  "name": "Pryce",
  "ai": {
    "type": "rct",
    "data": {
      "maxSelectMargin": 0.15
    }
  },
  "battleRules": {
    "maxItemUses": 2
  },
  "bag": [
    {
      "item": "cobblemon:full_restore",
      "quantity": 2
    }
  ],
  "team": [
    {
      "species": "vanilluxe",
      "gender": "MALE",
      "level": 60,
      "nature": "timid",
      "ability": "snowwarning",
      "moveset": [
        "blizzard",
        "freezedry",
        "iceshard",
        "flashcannon"
      ],
      "ivs": {
        "hp": 31,
        "atk": 31,
        "def": 31,
        "spa": 31,
        "spd": 31,
        "spe": 31
      },
      "evs": {
        "hp": 6,
        "spa": 252,
        "spe": 252
      },
      "heldItem": "light_clay"
    },
    {
      "species": "weavile",
      "gender": "MALE",
      "level": 60,
      "nature": "jolly",
      "ability": "pressure",
      "moveset": [
        "tripleaxel",
        "knockoff",
        "lowkick",
        "iceshard"
      ],
      "ivs": {
        "hp": 31,
        "atk": 31,
        "def": 31,
        "spa": 31,
        "spd": 31,
        "spe": 31
      },
      "evs": {
        "hp": 6,
        "atk": 252,
        "spe": 252
      },
      "heldItem": "choice_band"
    },
    {
      "species": "dewgong",
      "gender": "FEMALE",
      "level": 64,
      "nature": "impish",
      "ability": "icescales",
      "moveset": [
        "rest",
        "sleeptalk",
        "surf",
        "toxic"
      ],
      "ivs": {
        "hp": 31,
        "atk": 31,
        "def": 31,
        "spa": 31,
        "spd": 31,
        "spe": 31
      },
      "evs": {
        "hp": 252,
        "def": 252
      },
      "heldItem": "leftovers"
    },
    {
      "species": "arctovish",
      "gender": "GENDERLESS",
      "level": 65,
      "nature": "adamant",
      "ability": "slushrush",
      "moveset": [
        "fishiousrend",
        "iciclecrash",
        "psychicfangs",
        "iciclespear"
      ],
      "ivs": {
        "hp": 31,
        "atk": 31,
        "def": 31,
        "spa": 31,
        "spd": 31,
        "spe": 31
      },
      "evs": {
        "hp": 6,
        "atk": 252,
        "spe": 252
      },
      "heldItem": "choice_band"
    },
    {
      "species": "crabominable",
      "gender": "MALE",
      "level": 65,
      "nature": "careful",
      "ability": "ironfist",
      "moveset": [
        "machpunch",
        "iceshard",
        "drainpunch",
        "icehammer"
      ],
      "ivs": {
        "hp": 31,
        "atk": 31,
        "def": 31,
        "spa": 31,
        "spd": 31,
        "spe": 31
      },
      "evs": {
        "hp": 252,
        "spd": 252
      },
      "heldItem": "assault_vest"
    },
    {
      "species": "glalie",
      "gender": "FEMALE",
      "level": 65,
      "nature": "jolly",
      "ability": "icebody",
      "moveset": [
        "doubleedge",
        "earthquake",
        "iceshard",
        "crunch"
      ],
      "ivs": {
        "hp": 31,
        "atk": 31,
        "def": 31,
        "spa": 31,
        "spd": 31,
        "spe": 31
      },
      "evs": {
        "hp": 6,
        "atk": 252,
        "spe": 252
      },
      "heldItem": "leftovers"
    }
  ]
}