{
  "name": "Whitney",
  "ai": {
    "type": "rct",
    "data": {
      "maxSelectMargin": 0.15
    }
  },
  "battleRules": {
    "maxItemUses": 2
  },
  "bag": [
    {
      "item": "cobblemon:full_restore",
      "quantity": 2
    }
  ],
  "team": [
    {
      "species": "clefable",
      "gender": "FEMALE",
      "level": 30,
      "nature": "adamant",
      "ability": "magicguard",
      "moveset": [
        "disarmingvoice",
        "meteormash",
        "moonblast",
        "sing"
      ],
      "ivs": {
        "hp": 31,
        "atk": 31,
        "def": 31,
        "spa": 31,
        "spd": 31,
        "spe": 31
      },
      "evs": {
        "hp": 6,
        "atk": 252,
        "spd": 252
      },
      "heldItem": "sitrus_berry"
    },
    {
      "species": "girafarig",
      "gender": "FEMALE",
      "level": 31,
      "nature": "jolly",
      "ability": "vitalspirit",
      "moveset": [
        "confusion",
        "psybeam",
        "guardswap",
        "doublehit"
      ],
      "ivs": {
        "hp": 31,
        "atk": 31,
        "def": 31,
        "spa": 31,
        "spd": 31,
        "spe": 31
      },
      "evs": {
        "hp": 252,
        "atk": 4,
        "spe": 252
      },
      "heldItem": "eviolite"
    },
    {
      "species": "miltank",
      "gender": "FEMALE",
      "level": 32,
      "nature": "adamant",
      "ability": "thickfat",
      "moveset": [
        "bodyslam",
        "bodypress",
        "stompingtantrum",
        "milkdrink"
      ],
      "ivs": {
        "hp": 31,
        "atk": 31,
        "def": 31,
        "spa": 31,
        "spd": 31,
        "spe": 31
      },
      "evs": {
        "hp": 252,
        "atk": 252,
        "spe": 6
      },
      "heldItem": "leftovers"
    },
    {
      "species": "delcatty",
      "gender": "MALE",
      "level": 35,
      "nature": "lax",
      "ability": "normalize",
      "moveset": [
        "fakeout",
        "sing",
        "attract",
        "doubleslap"
      ],
      "ivs": {
        "hp": 31,
        "atk": 31,
        "def": 31,
        "spa": 31,
        "spd": 31,
        "spe": 31
      },
      "evs": {
        "hp": 6,
        "spa": 252,
        "spe": 252
      },
      "heldItem": "oran_berry"
    },
    {
      "species": "lickitung",
      "gender": "MALE",
      "level": 32,
      "nature": "modest",
      "ability": "owntempo",
      "moveset": [
        "supersonic",
        "lick",
        "stomp",
        "rollout"
      ],
      "ivs": {
        "hp": 31,
        "atk": 31,
        "def": 31,
        "spa": 31,
        "spd": 31,
        "spe": 31
      },
      "evs": {
        "hp": 252,
        "spa": 252,
        "spe": 6
      },
      "heldItem": "leftovers"
    }
  ]
}