{
  "name": "Bugsy",
  "ai": {
    "type": "rct",
    "data": {
      "maxSelectMargin": 0.15
    }
  },
  "battleRules": {
    "maxItemUses": 4
  },
  "bag": [
    {
      "item": "cobblemon:full_restore",
      "quantity": 4
    }
  ],
  "team": [
    {
      "species": "heracross",
      "gender": "MALE",
      "level": 97,
      "nature": "hasty",
      "ability": "swarm",
      "moveset": [
        "megahorn",
        "closecombat",
        "swordsdance",
        "nightslash"
      ],
      "ivs": {
        "hp": 31,
        "atk": 31,
        "def": 31,
        "spa": 31,
        "spd": 31,
        "spe": 31
      },
      "evs": {
        "atk": 252,
        "spe": 252
      },
      "heldItem": "silver_powder"
    },
    {
      "species": "armaldo",
      "gender": "MALE",
      "level": 95,
      "nature": "modest",
      "ability": "battlearmor",
      "moveset": [
        "furycutter",
        "xscissor",
        "bugbite",
        "metalclaw"
      ],
      "ivs": {
        "hp": 31,
        "atk": 31,
        "def": 31,
        "spa": 31,
        "spd": 31,
        "spe": 31
      },
      "evs": {
        "def": 4,
        "spa": 252,
        "spe": 252
      },
      "heldItem": "focus_sash"
    },
    {
      "species": "forretress",
      "gender": "MALE",
      "level": 95,
      "nature": "naive",
      "ability": "sturdy",
      "moveset": [
        "bugbite",
        "zapcannon",
        "payback",
        "irondefense"
      ],
      "ivs": {
        "hp": 31,
        "atk": 31,
        "def": 31,
        "spa": 31,
        "spd": 31,
        "spe": 31
      },
      "evs": {
        "def": 4,
        "spa": 252,
        "spe": 252
      },
      "heldItem": "leftovers",
      "aspects": [
        "douse"
      ]
    },
    {
      "species": "scizor",
      "gender": "MALE",
      "level": 95,
      "nature": "calm",
      "ability": "technician",
      "moveset": [
        "xscissor",
        "airslash",
        "furycutter",
        "pursuit"
      ],
      "ivs": {
        "hp": 31,
        "atk": 30,
        "def": 31,
        "spa": 30,
        "spd": 31,
        "spe": 31
      },
      "evs": {
        "def": 4,
        "spa": 252,
        "spe": 252
      },
      "heldItem": "life_orb"
    },
    {
      "species": "yanmega",
      "gender": "FEMALE",
      "level": 96,
      "nature": "jolly",
      "ability": "speedboost",
      "moveset": [
        "bugbite",
        "nightslash",
        "uturn",
        "ancientpower"
      ],
      "ivs": {
        "hp": 31,
        "atk": 31,
        "def": 31,
        "spa": 31,
        "spd": 31,
        "spe": 31
      },
      "evs": {
        "atk": 252,
        "def": 4,
        "spe": 252
      },
      "heldItem": "bug_gem",
      "aspects": [
        "bug"
      ]
    },
    {
      "species": "pinsir",
      "gender": "MALE",
      "level": 97,
      "nature": "jolly",
      "ability": "hypercutter",
      "moveset": [
        "megahorn",
        "extremespeed",
        "closecombat",
        "swordsdance"
      ],
      "ivs": {
        "hp": 31,
        "atk": 31,
        "def": 31,
        "spa": 31,
        "spd": 31
      },
      "evs": {
        "atk": 252,
        "def": 4,
        "spe": 252
      },
      "heldItem": "life_orb"
    }
  ]
}