{
  "name": "Falkner",
  "ai": {
    "type": "rct",
    "data": {
      "maxSelectMargin": 0.15
    }
  },
  "battleRules": {
    "maxItemUses": 1
  },
  "bag": [
    {
      "item": "cobblemon:potion",
      "quantity": 1
    }
  ],
  "team": [
    {
      "species": "pidgey",
      "gender": "MALE",
      "level": 13,
      "nature": "brave",
      "ability": "tangledfeet",
      "moveset": [
        "quickattack",
        "tackle",
        "gust",
        "sandattack"
      ],
      "ivs": {
        "hp": 31,
        "atk": 31,
        "def": 31,
        "spa": 31,
        "spd": 31,
        "spe": 31
      },
      "evs": {
        "hp": 4,
        "spe": 40
      },
      "heldItem": "oran_berry"
    },
    {
      "species": "pidgey",
      "gender": "FEMALE",
      "level": 13,
      "nature": "modest",
      "ability": "tangledfeet",
      "moveset": [
        "quickattack",
        "sandattack",
        "tackle",
        "gust"
      ],
      "ivs": {
        "hp": 31,
        "atk": 31,
        "def": 31,
        "spa": 31,
        "spd": 31,
        "spe": 31
      },
      "evs": {
        "hp": 4,
        "spe": 40
      },
      "heldItem": "berry_juice"
    },
    {
      "species": "starly",
      "gender": "FEMALE",
      "level": 15,
      "nature": "careful",
      "ability": "unnerve",
      "moveset": [
        "tackle",
        "wingattack",
        "quickattack",
        "doubleteam"
      ],
      "ivs": {
        "hp": 31,
        "atk": 31,
        "def": 31,
        "spa": 31,
        "spd": 31,
        "spe": 31
      },
      "evs": {
        "hp": 4,
        "spe": 40
      },
      "heldItem": "sharp_beak"
    }
  ]
}