{
  "name": "Misty",
  "identity": "Leader Misty",
  "ai": {
    "type": "rct",
    "data": {
      "maxSelectMargin": 0.15
    }
  },
  "battleRules": {
    "maxItemUses": 3
  },
  "bag": [
    {
      "item": "cobblemon:full_restore",
      "quantity": 3
    }
  ],
  "team": [
    {
      "species": "golduck",
      "gender": "MALE",
      "level": 49,
      "nature": "jolly",
      "ability": "damp",
      "moveset": [
        "aquajet",
        "watergun",
        "zenheadbutt",
        "confusion"
      ],
      "ivs": {
        "hp": 31,
        "atk": 31,
        "def": 31,
        "spa": 31,
        "spd": 31,
        "spe": 31
      },
      "evs": {
        "hp": 252,
        "spa": 252,
        "spe": 6
      }
    },
    {
      "species": "quagsire",
      "gender": "FEMALE",
      "level": 52,
      "nature": "hasty",
      "ability": "waterabsorb",
      "moveset": [
        "watergun",
        "earthquake",
        "muddywater",
        "mudbomb"
      ],
      "ivs": {
        "hp": 31,
        "atk": 31,
        "def": 31,
        "spa": 31,
        "spd": 31,
        "spe": 31
      },
      "evs": {
        "hp": 6,
        "spa": 252,
        "spe": 252
      }
    },
    {
      "species": "seaking",
      "gender": "FEMALE",
      "level": 50,
      "nature": "modest",
      "ability": "swiftswim",
      "moveset": [
        "megahorn",
        "poisonjab",
        "waterpulse",
        "waterfall"
      ],
      "ivs": {
        "hp": 31,
        "atk": 31,
        "def": 31,
        "spa": 31,
        "spd": 31,
        "spe": 31
      },
      "evs": {
        "hp": 6,
        "spa": 252,
        "spe": 252
      }
    },
    {
      "species": "starmie",
      "gender": "MALE",
      "level": 54,
      "nature": "impish",
      "ability": "naturalcure",
      "moveset": [
        "hydropump",
        "surf",
        "psybeam",
        "brine"
      ],
      "ivs": {
        "hp": 31,
        "atk": 31,
        "def": 31,
        "spa": 31,
        "spd": 31,
        "spe": 31
      },
      "evs": {
        "hp": 6,
        "spa": 252,
        "spe": 252
      },
      "heldItem": "shell_bell"
    },
    {
      "species": "milotic",
      "gender": "FEMALE",
      "level": 52,
      "nature": "modest",
      "ability": "marvelscale",
      "moveset": [
        "safeguard",
        "surf",
        "watergun",
        "disarmingvoice"
      ],
      "ivs": {
        "hp": 31,
        "atk": 31,
        "def": 31,
        "spa": 31,
        "spd": 31,
        "spe": 31
      },
      "evs": {
        "hp": 6,
        "spa": 252,
        "spe": 252
      },
      "heldItem": "oran_berry"
    }
  ]
}