{
  "name": "Brock",
  "identity": "Leader Brock",
  "ai": {
    "type": "rct",
    "data": {
      "maxSelectMargin": 0.15
    }
  },
  "battleRules": {
    "maxItemUses": 3
  },
  "bag": [
    {
      "item": "cobblemon:full_restore",
      "quantity": 3
    }
  ],
  "team": [
    {
      "species": "golem",
      "gender": "MALE",
      "level": 54,
      "nature": "adamant",
      "ability": "rockhead",
      "moveset": [
        "magnitude",
        "stoneedge",
        "earthquake",
        "bulldoze"
      ],
      "ivs": {
        "hp": 31,
        "atk": 31,
        "def": 31,
        "spa": 31,
        "spd": 31,
        "spe": 31
      },
      "evs": {
        "hp": 252,
        "atk": 252,
        "spe": 6
      },
      "heldItem": "smooth_rock"
    },
    {
      "species": "omastar",
      "gender": "FEMALE",
      "level": 54,
      "nature": "modest",
      "ability": "swiftswim",
      "moveset": [
        "shellsmash",
        "meteorbeam",
        "icebeam",
        "surf"
      ],
      "ivs": {
        "hp": 31,
        "atk": 31,
        "def": 31,
        "spa": 31,
        "spd": 31,
        "spe": 31
      },
      "evs": {
        "hp": 6,
        "spa": 252,
        "spe": 252
      },
      "heldItem": "power_herb"
    },
    {
      "species": "sandslash",
      "gender": "FEMALE",
      "level": 54,
      "nature": "adamant",
      "ability": "sandrush",
      "moveset": [
        "swordsdance",
        "earthquake",
        "stoneedge",
        "xscissor"
      ],
      "ivs": {
        "hp": 31,
        "atk": 31,
        "def": 31,
        "spa": 31,
        "spd": 31,
        "spe": 31
      },
      "evs": {
        "hp": 6,
        "atk": 252,
        "spe": 252
      },
      "heldItem": "soft_sand"
    },
    {
      "species": "onix",
      "gender": "MALE",
      "level": 54,
      "nature": "rash",
      "ability": "rockhead",
      "moveset": [
        "rockthrow",
        "stoneedge",
        "irontail",
        "rockslide"
      ],
      "ivs": {
        "hp": 31,
        "atk": 31,
        "def": 31,
        "spa": 31,
        "spd": 31,
        "spe": 31
      },
      "evs": {
        "hp": 6,
        "atk": 252,
        "spe": 252
      },
      "heldItem": "shell_bell"
    },
    {
      "species": "kabutops",
      "gender": "MALE",
      "level": 54,
      "nature": "jolly",
      "ability": "swiftswim",
      "moveset": [
        "absorb",
        "ancientpower",
        "furycutter",
        "protect"
      ],
      "ivs": {
        "hp": 31,
        "atk": 31,
        "def": 31,
        "spa": 31,
        "spd": 31,
        "spe": 31
      },
      "evs": {
        "hp": 6,
        "atk": 252,
        "spe": 252
      },
      "heldItem": "life_orb"
    }
  ]
}