{
  "name": "Morty",
  "ai": {
    "type": "rct",
    "data": {
      "maxSelectMargin": 0.15
    }
  },
  "battleRules": {
    "maxItemUses": 2
  },
  "bag": [
    {
      "item": "cobblemon:full_restore",
      "quantity": 2
    }
  ],
  "team": [
    {
      "species": "froslass",
      "gender": "FEMALE",
      "level": 70,
      "nature": "jolly",
      "ability": "snowcloak",
      "moveset": [
        "frostbreath",
        "shadowball",
        "blizzard",
        "drainingkiss"
      ],
      "ivs": {
        "hp": 31,
        "atk": 31,
        "def": 31,
        "spa": 31,
        "spd": 31,
        "spe": 31
      },
      "evs": {
        "atk": 252,
        "def": 4,
        "spe": 252
      },
      "heldItem": "shell_bell"
    },
    {
      "species": "dusknoir",
      "gender": "FEMALE",
      "level": 72,
      "nature": "adamant",
      "ability": "hustle",
      "moveset": [
        "shadowpunch",
        "shadowsneak",
        "dynamicpunch",
        "willowisp"
      ],
      "ivs": {
        "hp": 31,
        "atk": 31,
        "def": 31,
        "spa": 31,
        "spd": 31,
        "spe": 31
      },
      "evs": {
        "hp": 252,
        "atk": 252,
        "def": 4
      },
      "heldItem": "reaper_cloth"
    },
    {
      "species": "mismagius",
      "gender": "FEMALE",
      "level": 75,
      "nature": "calm",
      "ability": "levitate",
      "moveset": [
        "phantomforce",
        "powergem",
        "astonish",
        "mysticalfire"
      ],
      "ivs": {
        "hp": 31,
        "atk": 31,
        "def": 31,
        "spa": 31,
        "spd": 31,
        "spe": 31
      },
      "evs": {
        "def": 4,
        "spa": 252,
        "spe": 252
      },
      "heldItem": "colbur_berry"
    },
    {
      "species": "typhlosion",
      "gender": "FEMALE",
      "level": 70,
      "nature": "timid",
      "ability": "flashfire",
      "moveset": [
        "flamethrower",
        "infernalparade",
        "focusblast",
        "hiddenpower"
      ],
      "ivs": {
        "hp": 31,
        "atk": 30,
        "def": 31,
        "spa": 30,
        "spd": 31,
        "spe": 31
      },
      "evs": {
        "def": 4,
        "spa": 252,
        "spe": 252
      },
      "heldItem": "charcoal_stick",
      "aspects": [
        "hisuian"
      ]
    },
    {
      "species": "gengar",
      "gender": "FEMALE",
      "level": 75,
      "nature": "timid",
      "ability": "levitate",
      "moveset": [
        "sludgewave",
        "shadowball",
        "focusblast",
        "nastyplot"
      ],
      "ivs": {
        "hp": 31,
        "atk": 31,
        "def": 31,
        "spa": 31,
        "spd": 31,
        "spe": 31
      },
      "evs": {
        "def": 4,
        "spa": 252,
        "spe": 252
      },
      "heldItem": "shell_bell"
    }
  ]
}