{
  "name": "Misty",
  "identity": "Leader Misty",
  "ai": {
    "type": "rct",
    "data": {
      "maxSelectMargin": 0.15
    }
  },
  "battleRules": {
    "maxItemUses": 2
  },
  "bag": [
    {
      "item": "cobblemon:full_restore",
      "quantity": 2
    }
  ],
  "team": [
    {
      "species": "carracosta",
      "gender": "MALE",
      "level": 96,
      "nature": "timid",
      "ability": "solidrock",
      "moveset": [
        "watergun",
        "hydropump",
        "rockslide",
        "ancientpower"
      ],
      "ivs": {
        "hp": 31,
        "atk": 31,
        "def": 31,
        "spa": 31,
        "spd": 31,
        "spe": 31
      },
      "evs": {
        "def": 4,
        "spa": 252,
        "spe": 252
      },
      "heldItem": "light_ball"
    },
    {
      "species": "kyogre",
      "gender": "GENDERLESS",
      "level": 96,
      "nature": "timid",
      "ability": "drizzle",
      "moveset": [
        "icebeam",
        "waterspout",
        "originpulse",
        "thunder"
      ],
      "ivs": {
        "hp": 31,
        "atk": 31,
        "def": 31,
        "spa": 31,
        "spd": 31,
        "spe": 31
      },
      "evs": {
        "def": 4,
        "spa": 252,
        "spe": 252
      },
      "heldItem": "damp_rock"
    },
    {
      "species": "kingdra",
      "gender": "MALE",
      "level": 95,
      "nature": "timid",
      "ability": "swiftswim",
      "moveset": [
        "dracometeor",
        "hydropump",
        "muddywater",
        "hurricane"
      ],
      "ivs": {
        "hp": 31,
        "atk": 31,
        "def": 31,
        "spa": 31,
        "spd": 31,
        "spe": 31
      },
      "evs": {
        "def": 4,
        "spa": 252,
        "spe": 252
      },
      "heldItem": "water_gem"
    },
    {
      "species": "drednaw",
      "gender": "MALE",
      "level": 97,
      "nature": "jolly",
      "ability": "battlearmor",
      "moveset": [
        "jawlock",
        "liquidation",
        "crunch",
        "shellsmash"
      ],
      "ivs": {
        "hp": 31,
        "atk": 31,
        "def": 31,
        "spa": 31,
        "spd": 31,
        "spe": 31
      },
      "evs": {
        "atk": 252,
        "def": 4,
        "spe": 252
      },
      "heldItem": "life_orb"
    },
    {
      "species": "floatzel",
      "gender": "FEMALE",
      "level": 96,
      "nature": "jolly",
      "ability": "technician",
      "moveset": [
        "surgingstrikes",
        "fakeout",
        "flipturn",
        "pursuit"
      ],
      "ivs": {
        "hp": 31,
        "atk": 31,
        "def": 31,
        "spa": 31,
        "spd": 31,
        "spe": 31
      },
      "evs": {
        "atk": 252,
        "def": 4,
        "spe": 252
      },
      "heldItem": "focus_sash"
    }
  ]
}