{
  "name": "Falkner",
  "ai": {
    "type": "rct",
    "data": {
      "maxSelectMargin": 0.15
    }
  },
  "battleRules": {
    "maxItemUses": 4
  },
  "bag": [
    {
      "item": "cobblemon:full_restore",
      "quantity": 4
    }
  ],
  "team": [
    {
      "species": "pidgeot",
      "gender": "MALE",
      "level": 97,
      "nature": "timid",
      "ability": "tangledfeet",
      "moveset": [
        "hurricane",
        "heatwave",
        "focusblast",
        "uturn"
      ],
      "ivs": {
        "hp": 31,
        "atk": 31,
        "def": 31,
        "spa": 31,
        "spd": 31,
        "spe": 31
      },
      "evs": {},
      "heldItem": "expert_belt"
    },
    {
      "species": "yanmega",
      "gender": "FEMALE",
      "level": 97,
      "nature": "timid",
      "ability": "frisk",
      "moveset": [
        "bugbuzz",
        "airslash",
        "gigadrain",
        "uturn"
      ],
      "ivs": {
        "hp": 31,
        "atk": 31,
        "def": 31,
        "spa": 31,
        "spd": 31,
        "spe": 31
      },
      "evs": {},
      "heldItem": "choice_specs"
    },
    {
      "species": "corviknight",
      "gender": "FEMALE",
      "level": 96,
      "nature": "serious",
      "ability": "unnerve",
      "moveset": [
        "bravebird",
        "drillpeck",
        "steelwing",
        "furyattack"
      ],
      "ivs": {
        "hp": 31,
        "atk": 30,
        "def": 30,
        "spa": 31,
        "spd": 31,
        "spe": 31
      },
      "evs": {},
      "heldItem": "shell_bell",
      "aspects": [
        "sky"
      ]
    },
    {
      "species": "xatu",
      "gender": "FEMALE",
      "level": 95,
      "nature": "quirky",
      "ability": "earlybird",
      "moveset": [
        "psychic",
        "futuresight",
        "nightshade",
        "wish"
      ],
      "ivs": {
        "hp": 31,
        "atk": 31,
        "def": 31,
        "spa": 31,
        "spd": 31,
        "spe": 31
      },
      "evs": {},
      "heldItem": "flying_gem"
    },
    {
      "species": "aerodactyl",
      "gender": "MALE",
      "level": 95,
      "nature": "adamant",
      "ability": "rockhead",
      "moveset": [
        "ancientpower",
        "thunderfang",
        "stoneedge",
        "ironhead"
      ],
      "ivs": {
        "hp": 31,
        "atk": 31,
        "def": 31,
        "spd": 31,
        "spe": 31
      },
      "evs": {},
      "heldItem": "shell_bell"
    }
  ]
}