{
  "name": "Jasmine",
  "ai": {
    "type": "rct",
    "data": {
      "maxSelectMargin": 0.15
    }
  },
  "battleRules": {
    "maxItemUses": 2
  },
  "bag": [
    {
      "item": "cobblemon:full_restore",
      "quantity": 2
    }
  ],
  "team": [
    {
      "species": "excadrill",
      "gender": "FEMALE",
      "level": 85,
      "nature": "jolly",
      "ability": "moldbreaker",
      "moveset": [
        "rapidspin",
        "earthquake",
        "rocktomb",
        "stealthrock"
      ],
      "ivs": {
        "hp": 31,
        "atk": 31,
        "def": 31,
        "spa": 31,
        "spd": 31,
        "spe": 31
      },
      "evs": {
        "hp": 6,
        "atk": 252,
        "spe": 252
      },
      "heldItem": "focus_sash"
    },
    {
      "species": "magearna",
      "gender": "GENDERLESS",
      "level": 85,
      "nature": "timid",
      "ability": "soulheart",
      "moveset": [
        "shiftgear",
        "thunderbolt",
        "icebeam",
        "flashcannon"
      ],
      "ivs": {
        "hp": 31,
        "atk": 31,
        "def": 31,
        "spa": 31,
        "spd": 31,
        "spe": 31
      },
      "evs": {
        "hp": 6,
        "spa": 252,
        "spe": 252
      },
      "heldItem": "steel_gem"
    },
    {
      "species": "heatran",
      "gender": "FEMALE",
      "level": 85,
      "nature": "calm",
      "ability": "flashfire",
      "moveset": [
        "lavaplume",
        "toxic",
        "earthpower",
        "protect"
      ],
      "ivs": {
        "hp": 31,
        "atk": 31,
        "def": 31,
        "spa": 31,
        "spd": 31,
        "spe": 31
      },
      "evs": {
        "hp": 252,
        "spd": 252
      },
      "heldItem": "leftovers"
    },
    {
      "species": "skarmory",
      "gender": "FEMALE",
      "level": 85,
      "nature": "sassy",
      "ability": "keeneye",
      "moveset": [
        "airslash",
        "bravebird",
        "wingattack",
        "steelwing"
      ],
      "ivs": {
        "hp": 31,
        "atk": 31,
        "def": 31,
        "spa": 31,
        "spd": 31,
        "spe": 31
      },
      "evs": {
        "hp": 6,
        "spa": 252,
        "spe": 252
      },
      "heldItem": "oran_berry"
    },
    {
      "species": "copperajah",
      "gender": "FEMALE",
      "level": 85,
      "nature": "adamant",
      "ability": "heavymetal",
      "moveset": [
        "doubleironbash",
        "superpower",
        "heatcrash",
        "earthquake"
      ],
      "ivs": {
        "hp": 31,
        "atk": 31,
        "def": 31,
        "spa": 31,
        "spd": 31,
        "spe": 31
      },
      "evs": {
        "hp": 252,
        "atk": 252,
        "spe": 6
      },
      "heldItem": "assault_vest"
    }
  ]
}