{
  "name": "Lt. Surge",
  "identity": "Leader Lt. Surge",
  "ai": {
    "type": "rct",
    "data": {
      "maxSelectMargin": 0.15
    }
  },
  "battleRules": {
    "maxItemUses": 2
  },
  "bag": [
    {
      "item": "cobblemon:full_restore",
      "quantity": 2
    }
  ],
  "team": [
    {
      "species": "pachirisu",
      "gender": "MALE",
      "level": 54,
      "nature": "impish",
      "ability": "prankster",
      "moveset": [
        "reflect",
        "lightscreen",
        "nuzzle",
        "uturn"
      ],
      "ivs": {
        "hp": 31,
        "atk": 31,
        "def": 31,
        "spa": 31,
        "spd": 31,
        "spe": 31
      },
      "evs": {
        "hp": 252,
        "def": 252
      },
      "heldItem": "light_clay"
    },
    {
      "species": "raichu",
      "gender": "MALE",
      "level": 57,
      "nature": "modest",
      "ability": "surgesurfer",
      "moveset": [
        "psyshock",
        "voltswitch",
        "nastyplot",
        "grassknot"
      ],
      "ivs": {
        "hp": 31,
        "atk": 31,
        "def": 31,
        "spa": 31,
        "spd": 31,
        "spe": 31
      },
      "evs": {
        "hp": 252,
        "atk": 252,
        "spa": 250,
        "spe": 252
      },
      "heldItem": "twisted_spoon",
      "aspects": [
        "alolan"
      ]
    },
    {
      "species": "magnezone",
      "gender": "GENDERLESS",
      "level": 55,
      "nature": "rash",
      "ability": "magnetpull",
      "moveset": [
        "flashcannon",
        "barrier",
        "thundershock",
        "spark"
      ],
      "ivs": {
        "hp": 31,
        "atk": 31,
        "def": 31,
        "spa": 31,
        "spd": 31,
        "spe": 31
      },
      "evs": {
        "hp": 6,
        "atk": 252,
        "spe": 252
      },
      "heldItem": "shell_bell"
    },
    {
      "species": "ampharos",
      "gender": "FEMALE",
      "level": 54,
      "nature": "hasty",
      "ability": "static",
      "moveset": [
        "zapcannon",
        "electroball",
        "firepunch",
        "thundershock"
      ],
      "ivs": {
        "hp": 31,
        "atk": 30,
        "def": 31,
        "spa": 30,
        "spd": 31,
        "spe": 31
      },
      "evs": {
        "spa": 252,
        "spd": 4,
        "spe": 252
      },
      "heldItem": "magnet"
    }
  ]
}