{
  "name": "Giovanni",
  "identity": "Boss Giovanni",
  "ai": {
    "type": "rct",
    "data": {
      "maxSelectMargin": 0.15
    }
  },
  "battleRules": {
    "maxItemUses": 2
  },
  "bag": [
    {
      "item": "cobblemon:full_restore",
      "quantity": 2
    }
  ],
  "team": [
    {
      "species": "rhyhorn",
      "gender": "FEMALE",
      "level": 45,
      "nature": "adamant",
      "ability": "lightningrod",
      "moveset": [
        "takedown",
        "rockblast",
        "scaryface",
        "earthquake"
      ],
      "ivs": {
        "hp": 31,
        "atk": 31,
        "def": 31,
        "spa": 31,
        "spd": 31,
        "spe": 31
      },
      "evs": {}
    },
    {
      "species": "dugtrio",
      "gender": "FEMALE",
      "level": 42,
      "nature": "docile",
      "ability": "sandveil",
      "moveset": [
        "slash",
        "sandtomb",
        "mudslap",
        "earthquake"
      ],
      "ivs": {
        "hp": 31,
        "atk": 31,
        "def": 31,
        "spa": 31,
        "spd": 31,
        "spe": 31
      },
      "evs": {}
    },
    {
      "species": "nidoqueen",
      "gender": "FEMALE",
      "level": 44,
      "nature": "sassy",
      "ability": "poisontouch",
      "moveset": [
        "bodyslam",
        "doublekick",
        "poisonsting",
        "earthquake"
      ],
      "ivs": {
        "hp": 31,
        "atk": 31,
        "def": 31,
        "spa": 31,
        "spd": 31,
        "spe": 31
      },
      "evs": {}
    },
    {
      "species": "nidoking",
      "gender": "MALE",
      "level": 45,
      "nature": "sassy",
      "ability": "poisontouch",
      "moveset": [
        "thrash",
        "doublekick",
        "poisonsting",
        "earthquake"
      ],
      "ivs": {
        "hp": 31,
        "atk": 31,
        "def": 31,
        "spa": 31,
        "spd": 31,
        "spe": 31
      },
      "evs": {}
    },
    {
      "species": "persian",
      "gender": "MALE",
      "level": 50,
      "nature": "rash",
      "ability": "limber",
      "moveset": [
        "feintattack",
        "powergem",
        "slash",
        "bite"
      ],
      "ivs": {
        "hp": 31,
        "atk": 31,
        "def": 31,
        "spa": 31,
        "spd": 31,
        "spe": 31
      },
      "evs": {}
    }
  ]
}