{
  "name": "Morty",
  "ai": {
    "type": "rct",
    "data": {
      "maxSelectMargin": 0.15
    }
  },
  "battleRules": {
    "maxItemUses": 2
  },
  "bag": [
    {
      "item": "cobblemon:full_restore",
      "quantity": 2
    }
  ],
  "team": [
    {
      "species": "haunter",
      "gender": "MALE",
      "level": 51,
      "nature": "gentle",
      "ability": "levitate",
      "moveset": [
        "hypnosis",
        "shadowball",
        "darkpulse",
        "suckerpunch"
      ],
      "ivs": {
        "hp": 31,
        "atk": 31,
        "def": 31,
        "spa": 31,
        "spd": 31,
        "spe": 31
      },
      "evs": {
        "atk": 252,
        "def": 4,
        "spe": 252
      }
    },
    {
      "species": "haunter",
      "gender": "MALE",
      "level": 52,
      "nature": "jolly",
      "ability": "levitate",
      "moveset": [
        "hex",
        "payback",
        "shadowpunch",
        "shadowball"
      ],
      "ivs": {
        "hp": 31,
        "atk": 31,
        "def": 31,
        "spa": 31,
        "spd": 31,
        "spe": 31
      },
      "evs": {
        "atk": 252,
        "def": 4,
        "spe": 252
      }
    },
    {
      "species": "gengar",
      "gender": "MALE",
      "level": 55,
      "nature": "timid",
      "ability": "levitate",
      "moveset": [
        "shadowball",
        "sludgewave",
        "focusblast",
        "thunderbolt"
      ],
      "ivs": {
        "hp": 31,
        "atk": 31,
        "def": 31,
        "spa": 31,
        "spd": 31,
        "spe": 31
      },
      "evs": {
        "def": 4,
        "spa": 252,
        "spe": 252
      },
      "heldItem": "expert_belt"
    }
  ]
}