{
  "name": "Sandra",
  "ai": {
    "type": "rct",
    "data": {
      "maxSelectMargin": 0.15
    }
  },
  "battleRules": {
    "maxItemUses": 4
  },
  "bag": [
    {
      "item": "cobblemon:full_restore",
      "quantity": 4
    }
  ],
  "team": [
    {
      "species": "kyurem",
      "gender": "MALE",
      "level": 80,
      "nature": "adamant",
      "ability": "pressure",
      "moveset": [
        "outrage",
        "ancientpower",
        "ironhead",
        "dragonpulse"
      ],
      "ivs": {
        "hp": 31,
        "atk": 31,
        "def": 31,
        "spa": 31,
        "spd": 31,
        "spe": 31
      },
      "evs": {
        "hp": 6,
        "atk": 252,
        "spe": 252
      },
      "heldItem": "expert_belt"
    },
    {
      "species": "latios",
      "gender": "FEMALE",
      "level": 80,
      "nature": "adamant",
      "ability": "innerfocus",
      "moveset": [
        "outrage",
        "aurasphere",
        "dragonpulse",
        "psychic"
      ],
      "ivs": {
        "hp": 31,
        "atk": 31,
        "def": 31,
        "spa": 31,
        "spd": 31,
        "spe": 31
      },
      "evs": {
        "hp": 6,
        "atk": 252,
        "spe": 252
      },
      "heldItem": "weakness_policy"
    },
    {
      "species": "latias",
      "gender": "FEMALE",
      "level": 80,
      "nature": "jolly",
      "ability": "levitate",
      "moveset": [
        "aurasphere",
        "shadowball",
        "dragonpulse",
        "psychic"
      ],
      "ivs": {
        "hp": 31,
        "atk": 31,
        "def": 31,
        "spa": 31,
        "spd": 31,
        "spe": 31
      },
      "evs": {
        "hp": 6,
        "spa": 252,
        "spe": 252
      },
      "heldItem": "covert_cloak"
    },
    {
      "species": "garchomp",
      "gender": "FEMALE",
      "level": 80,
      "nature": "jolly",
      "ability": "sandveil",
      "moveset": [
        "metalclaw",
        "firefang",
        "earthquake",
        "dragonrush"
      ],
      "ivs": {
        "hp": 31,
        "atk": 31,
        "def": 31,
        "spa": 31,
        "spd": 31,
        "spe": 31
      },
      "evs": {
        "hp": 6,
        "atk": 252,
        "spe": 252
      },
      "heldItem": "destiny_knot"
    },
    {
      "species": "salamence",
      "gender": "FEMALE",
      "level": 80,
      "nature": "jolly",
      "ability": "intimidate",
      "moveset": [
        "flamethrower",
        "ironhead",
        "dragonclaw",
        "zenheadbutt"
      ],
      "ivs": {
        "hp": 31,
        "atk": 31,
        "def": 31,
        "spa": 31,
        "spd": 31,
        "spe": 31
      },
      "evs": {
        "hp": 6,
        "spa": 252,
        "spe": 252
      },
      "heldItem": "focus_sash"
    },
    {
      "species": "druddigon",
      "gender": "MALE",
      "level": 80,
      "nature": "timid",
      "ability": "moldbreaker",
      "moveset": [
        "metalclaw",
        "superpower",
        "dragontail",
        "nightslash"
      ],
      "ivs": {
        "hp": 31,
        "atk": 31,
        "def": 31,
        "spa": 31,
        "spd": 31,
        "spe": 31
      },
      "evs": {
        "hp": 6,
        "spa": 252,
        "spe": 252
      },
      "heldItem": "expert_belt"
    }
  ]
}