{
  "name": "Trainer May",
  "ai": {
    "type": "rct",
    "data": {
      "maxSelectMargin": 0.15
    }
  },
  "battleRules": {
    "maxItemUses": 2
  },
  "bag": [
    {
      "item": "cobblemon:full_restore",
      "quantity": 2
    }
  ],
  "team": [
    {
      "species": "solrock",
      "gender": "GENDERLESS",
      "level": 71,
      "nature": "jolly",
      "ability": "levitate",
      "moveset": [
        "stealthrock",
        "photongeyser",
        "explosion",
        "earthquake"
      ],
      "ivs": {
        "hp": 31,
        "atk": 31,
        "def": 31,
        "spa": 31,
        "spd": 31,
        "spe": 31
      },
      "evs": {
        "hp": 6,
        "atk": 252,
        "spe": 252
      },
      "heldItem": "focus_sash"
    },
    {
      "species": "breloom",
      "gender": "MALE",
      "level": 71,
      "nature": "jolly",
      "ability": "poisonheal",
      "moveset": [
        "spore",
        "substitute",
        "focuspunch",
        "rockslide"
      ],
      "ivs": {
        "hp": 31,
        "atk": 31,
        "def": 31,
        "spa": 31,
        "spd": 31,
        "spe": 31
      },
      "evs": {
        "hp": 6,
        "atk": 252,
        "spe": 252
      },
      "heldItem": "toxic_orb"
    },
    {
      "species": "relicanth",
      "gender": "FEMALE",
      "level": 72,
      "nature": "adamant",
      "ability": "rockhead",
      "moveset": [
        "waterfall",
        "headsmash",
        "earthquake",
        "zenheadbutt"
      ],
      "ivs": {
        "hp": 31,
        "atk": 31,
        "def": 31,
        "spa": 31,
        "spd": 31,
        "spe": 31
      },
      "evs": {
        "hp": 252,
        "atk": 252,
        "spe": 6
      },
      "heldItem": "choice_band"
    },
    {
      "species": "flygon",
      "gender": "MALE",
      "level": 72,
      "nature": "hasty",
      "ability": "tintedlens",
      "moveset": [
        "earthquake",
        "dracometeor",
        "fireblast",
        "outrage"
      ],
      "ivs": {
        "hp": 31,
        "atk": 31,
        "def": 31,
        "spa": 31,
        "spd": 31,
        "spe": 31
      },
      "evs": {
        "hp": 6,
        "atk": 128,
        "spa": 128,
        "spe": 252
      },
      "heldItem": "life_orb"
    },
    {
      "species": "blaziken",
      "gender": "FEMALE",
      "level": 73,
      "nature": "adamant",
      "ability": "speedboost",
      "moveset": [
        "swordsdance",
        "closecombat",
        "flareblitz",
        "rockslide"
      ],
      "ivs": {
        "hp": 31,
        "atk": 31,
        "def": 31,
        "spa": 31,
        "spd": 31,
        "spe": 31
      },
      "evs": {
        "hp": 6,
        "atk": 252,
        "spe": 252
      },
      "heldItem": "life_orb"
    }
  ]
}