{
  "display": {
    "icon": {
      "id": "cobblemon:pokedex_red"
    },
    "title": {
      "translate": "advancements.cobblemon.craft_pokedex"
    },
    "description": {
      "translate": "advancements.cobblemon.craft_pokedex.description"
    },
    "show_toast": false,
    "announce_to_chat": false
  },
  "parent": "cobblemon:harvest_apricorn",
  "criteria": {
    "requirement": {
      "trigger": "minecraft:inventory_changed",
      "conditions": {
        "items": [
          {
            "items": "#cobblemon:pokedex"
          }
        ]
      }
    }
  },
  "sends_telemetry_event": false
}