{
  "parent": "rctmod:trainers/defeat_boss_giovanni_3",
  "display": {
    "title": {
      "translate": "advancements.cobbleverse.defeat_leader_clair"
    },
    "description": {
      "translate": "advancements.cobbleverse.defeat_leader_clair.description"
    },
    "icon": {
      "id": "pokeblocks:poke_coin"
    },
    "announce_to_chat": true,
    "show_toast": true,
    "hidden": false,
    "frame": "challenge"
  },
  "criteria": {
    "first_defeat": {
      "conditions": {
        "trainer_ids": ["leader_clair_004a"]
      },
      "trigger": "rctmod:defeat_count"
    }
  },
  "requirements": [
    [
      "first_defeat"
    ]
  ],
  "rewards": {
    "function": "cobbleverse:sandra_defeated"
  },
  "sends_telemetry_event": false
}