{
  "parent": "rctmod:trainers/defeat_trainer_may",
  "display": {
    "title": {
      "translate": "advancements.cobbleverse.defeat_leader_blaine"
    },
    "description": {
      "translate": "advancements.cobbleverse.defeat_leader_blaine.description"
    },
    "icon": {
      "id": "badgebox:wyvern_badge"
    },
    "announce_to_chat": true,
    "show_toast": true,
    "hidden": false,
    "frame": "goal"
  },
  "criteria": {
    "first_defeat": {
      "conditions": {
        "trainer_ids": ["leader_blaine_01a3"]
      },
      "trigger": "rctmod:defeat_count"
    }
  },
  "requirements": [
    [
      "first_defeat"
    ]
  ],
  "rewards": {
    "function": "cobbleverse:blaine_defeated"
  },
  "sends_telemetry_event": false
}