{
  "parent": "rctmod:trainers/defeat_boss_giovanni_2",
  "display": {
    "title": {
      "translate": "advancements.cobbleverse.defeat_leader_sabrina"
    },
    "description": {
      "translate": "advancements.cobbleverse.defeat_leader_sabrina.description"
    },
    "icon": {
      "id": "badgebox:ghost_badge"
    },
    "announce_to_chat": true,
    "show_toast": true,
    "hidden": false,
    "frame": "goal"
  },
  "criteria": {
    "first_defeat": {
      "conditions": {
        "trainer_ids": ["leader_sabrina_01a4"]
      },
      "trigger": "rctmod:defeat_count"
    }
  },
  "requirements": [
    [
      "first_defeat"
    ]
  ],
  "rewards": {
    "function": "cobbleverse:sabrina_defeated"
  },
  "sends_telemetry_event": false
}