{
  "parent": "rctmod:trainers/defeat_rival_terry_1",
  "display": {
    "title": {
      "translate": "advancements.cobbleverse.defeat_leader_misty"
    },
    "description": {
      "translate": "advancements.cobbleverse.defeat_leader_misty.description"
    },
    "icon": {
      "id": "badgebox:wave_badge"
    },
    "announce_to_chat": true,
    "show_toast": true,
    "hidden": false,
    "frame": "goal"
  },
  "criteria": {
    "first_defeat": {
      "conditions": {
        "trainer_ids": ["leader_misty_019f"]
      },
      "trigger": "rctmod:defeat_count"
    }
  },
  "requirements": [
    [
      "first_defeat"
    ]
  ],
  "rewards": {
    "function": "cobbleverse:misty_defeated"
  },
  "sends_telemetry_event": false
}