{
  "parent": "rctmod:trainers/defeat_rocket_admin_ariana_2",
  "display": {
    "title": {
      "translate": "advancements.cobbleverse.defeat_leader_giovanni"
    },
    "description": {
      "translate": "advancements.cobbleverse.defeat_leader_giovanni.description"
    },
    "icon": {
      "id": "badgebox:mountain_badge"
    },
    "announce_to_chat": true,
    "show_toast": true,
    "hidden": false,
    "frame": "goal"
  },
  "criteria": {
    "first_defeat": {
      "conditions": {
        "trainer_ids": ["boss_giovanni_0045"]
      },
      "trigger": "rctmod:defeat_count"
    }
  },
  "requirements": [
    [
      "first_defeat"
    ]
  ],
  "rewards": {
    "function": "cobbleverse:giovanni_defeated"
  },
  "sends_telemetry_event": false
}