{
  "missing_badges": [
    "Tu n'as pas assez de badges ! Reviens quand tu en auras plus",
    "Gagne encore des badges, puis viens me voir !",
    "Tu as encore trop à apprendre. Reviens quand tu auras plus de badges !",
    "Oh non, tu es encore parmi les amateurs. Tu as besoin de plus de badges !",
    "Tu n'es pas prêt à te battre contre moi ! Tu as besoin de plus de badges.",
    "Il te manque encore des badges dans ta collection ! Reviens quand tu les auras.",
    "Ne serait-il pas mieux de défier un autre champion de gym avant ?",
    "Ce n'est absolument pas bien ! Tu as besoin de plus de badges.",
    "Il y a des champions de gym que tu as oublié de défier sur le chemin...",
    "Ce n'est pas encore bon, tu as encore besoin de plus de badges !",
    "Je serai ici pour t'attendre lorsque tu auras conquis assez de badges pour me défier.",
    "Il te manque les badges nécessaires pour me défier.",
    "Tu ne peux pas encore me défier : il te manque des badges !",
    "Il pourrait être dangereux pour toi de me défier. Il te manque un peu d'expérience !",
    "Tu n'as pas oublié de défier un champion de gym !?",
    "Non, tu n'es pas prêt. Tes badges sont trop peu nombreux !",
    "Combien de badges as-tu ? Ils sont trop peu. Tu ne peux pas encore me défier !",
    "Tu crois pouvoir me défier !? Non, tu n'as pas assez de badges !",
    "As-tu tous les badges nécessaires pour me défier ? Il me semble que non..."
  ],
  "missing_beaten_e4": [
    "Tu n'as pas encore battu les Superquattro !",
    "Nous ne pouvons pas nous défier, tu n'as pas encore battu les Superquattro !",
    "As-tu déjà visité la Ligue Pokémon de la région ?",
    "Tu ne peux pas espérer me battre si tu n'affrontes pas d'abord les Superquattro !",
    "Tu dois battre les Superquattro avant de me défier !",
    "La Ligue Pokémon t'attend !",
    "Tu n'as pas encore battu les Superquattro ! Bien, j'attendrai...",
    "Tu veux me défier ? Va d'abord à la Ligue Pokémon !",
    "Les Superquattro t'attendent ! Reviens quand tu les auras vaincus."
  ],
  "missing_beaten_champs": [
    "...",
    "... ...",
    "... ... ...",
    "... ... ... ...",
    "... ... ... ... ...",
    "... ... ... ... ... ...",
    "... ... ... ... ... ... ...",
    "... ... ... ... ... ... ... ...",
    "... ... ... ... ... ... ... ... ...",
    "... ... ... ... ... ... ... ... ... ...",
    "... ... ... ... ... ... ... ... ... ... ...",
    "Tu n'es pas encore digne de te battre avec moi.",
    "Tu dois battre le Champion avant de pouvoir me défier !",
    "Seuls les Champions peuvent me défier !",
    "Tu me fais perdre mon temps !",
    "Écarte-toi si tu ne veux pas que je te donne une bonne leçon !",
    "Reviens vers moi seulement après avoir battu le Champion !",
    "Tu crois vraiment pouvoir me battre !?",
    "Tu ne peux pas encore te battre contre moi.",
    "Mon équipe Pokémon dévorerait la tienne au petit-déjeuner !",
    "Tes Pokémon ne sont pas prêts à m'affronter !",
    "Le Champion t'attend !",
    "Reviens seulement quand tu auras battu le Champion !",
    "Tu n'es pas digne du titre de Champion si tu ne bats pas d'abord l'actuel !",
    "Gagne un combat Pokémon contre le Champion, puis reviens vers moi.",
    "Allez, courage ! Le Champion t'attend !"
  ],
  "missing_beaten_rival": [
    "Ce n'est pas encore le bon moment pour me défier.",
    "Avant de me défier, tu dois chercher ton rival !",
    "Tu ne peux pas encore me défier. Où est ton rival ?",
    "Reviens quand tu auras affronté ton rival !",
    "Je pense que quelqu'un d'autre veut te défier, maintenant.",
    "Tu as un autre combat Pokémon à gagner.",
    "Tu n'es pas prêt à m'affronter.",
    "Il y a quelqu'un d'autre qui aimerait se battre avec toi, maintenant.",
    "Reviens après avoir affronté ton rival.",
    "Je ne crois pas qu'il soit sage de m'affronter maintenant.",
    "Disparais, je n'ai pas de temps à perdre avec les débutants.",
    "Écarte-toi, amateur.",
    "Quelqu'un d'autre aimerait te défier, maintenant.",
    "Ton rival t'attend.",
    "D'abord, tu dois défier ton rival.",
    "Je ne peux pas t'affronter maintenant, ton équipe est trop faible.",
    "Je dirais que ce n'est pas encore le moment de combattre.",
    "Tu dois d'abord vaincre ton rival.",
    "Arrête de me faire perdre mon temps. Je ne peux pas te défier maintenant !",
    "Il y a quelqu'un d'autre prêt pour un défi, maintenant.",
    "Qu'est-ce qui te fait penser que tu es prêt à me défier ?",
    "Il y a une autre personne prête à te défier, maintenant !",
    "Écarte-toi, je ne veux pas perdre de temps.",
    "À l'heure qu'il est, je pourrais te battre les yeux fermés. Reviens quand tu seras plus fort !",
    "As-tu déjà battu ton rival ?",
    "Avant de te battre avec moi, tu dois affronter ton rival.",
    "Ce n'est pas moi ton prochain adversaire !",
    "Je ne peux pas combattre avec toi maintenant. Essaie ailleurs",
    "Ton rival n'attend que toi pour commencer votre défi."
  ],
  "missing_beaten_team_rocket": [
    "Pas maintenant, je n'ai pas de temps à perdre !",
    "Ce n'est pas encore le moment de me défier !",
    "Il y a quelqu'un de l'équipe Rocket qui te cherche !",
    "Je ne suis pas encore ton défiant, il y a quelqu'un qui te cherche !",
    "Ne me fais pas perdre mon temps, tu dois d'abord affronter un membre de l'équipe Rocket",
    "Il y a des types louches qui te cherchent, fais attention !",
    "Je ne pense pas qu'un combat avec moi soit nécessaire en ce moment...",
    "J'ai vu des gens de l'équipe Rocket... Ils te cherchaient !",
    "L'équipe Rocket... L'un d'eux veut te défier !",
    "Ceux de l'équipe Rocket te cherchent !"
  ],
  "missing_pokemon": [
    "Tu n'as pas de Pokémon capables de combattre dans ton équipe...",
    "Tes Pokémon sont épuisés ?",
    "Tu me fais perdre mon temps... Où sont tes Pokémon !?",
    "Il ne me semble pas que tu aies une équipe de Pokémon adaptée à un défi !",
    "Reviens quand ton équipe sera en forme !",
    "Tu as envie de plaisanter ? Comment pourrais-je te défier si tu n'as pas de Pokémon prêts ?",
    "Oh, tes Pokémon ne sont pas très en forme !",
    "Pourquoi ne te rends-tu pas dans un centre Pokémon avant de me défier ?",
    "Tu as besoin de Pokémon si tu veux combattre, tu le sais ?",
    "Quelle grande perte de temps, tu n'as pas de Pokémon adaptés à notre combat !",
    "Si tu demandes à quelqu'un un combat Pokémon, tu devrais d'abord t'assurer d'avoir une équipe décente...",
    "Tu ne peux pas faire combattre ton équipe de Pokémon dans ces conditions !",
    "Je suis désolé, mais tu n'as pas de Pokémon adaptés à notre défi.",
    "Mais quel genre de personne es-tu !? Prends soin de ton équipe d'abord !",
    "Sans Pokémon adaptés, comment voudrais-tu me défier !?",
    "Un défi ? Probablement aux cartes, vu que tu n'as pas de Pokémon prêts !",
    "Je ne voudrais pas être à la place de tes Pokémon maintenant...",
    "Toi et ton équipe, vous semblez fatigués... Reposez-vous d'abord !",
    "As-tu essayé de soigner tes Pokémon ?",
    "Tes Pokémon sont épuisés... Je ne peux pas combattre !",
    "À quoi voudrais-tu me défier ? Tu n'as pas de Pokémon adaptés pour un combat !",
    "Je ne combattrai pas avec des Pokémon épuisés !",
    "Soigne ton équipe avant de me défier !",
    "Tes Pokémon ne sont pas prêts pour un défi !",
    "Ce ne serait pas le bon choix de me défier maintenant...",
    "Avec quelques potions, tes Pokémon reviendront comme neufs !",
    "Je pense vraiment que nous devrions reporter le défi... Regarde tes Pokémon !",
    "J'attendrai que ton équipe se remette sur pied avant de te défier !",
    "Que crois-tu faire avec ces Pokémon !?",
    "Tes Pokémon doivent être à leur meilleure forme pour un défi.",
    "Toi et ton équipe, vous n'êtes pas très en forme !",
    "Je dirais qu'il n'est pas temps de combattre maintenant...",
    "Oh non ! Je ne peux pas affronter ton équipe si tous sont déjà épuisés !",
    "As-tu besoin d'aide pour soigner tes Pokémon ? Utilise des potions !",
    "Pauvres tes Pokémon, qu'est-ce qui les a autant affaiblis ?",
    "Ce n'est pas le moment de combattre !",
    "Je ne veux pas gagner facilement ! Tu as besoin d'une équipe de Pokémon adaptée !",
    "Ce n'est pas un vrai défi sans des Pokémon dignes de me tenir tête !",
    "Tes Pokémon ont besoin de soins !",
    "Tu n'as pas une équipe prête à combattre !",
    "Your team isn't up for a battle.",
    "No battle without a capable team!"
  ],
  "low_level_cap": [
    "Disparais, amateur. Tu ne peux pas encore te battre avec moi !",
    "Tu crois pouvoir me battre avec ces Pokémon si faibles ?",
    "Je ne pense pas qu'un défi serait une bonne idée. Tu es encore un peu faible",
    "Pourquoi ne t'entraînes-tu pas davantage avant de te battre contre moi ?",
    "Il semble que tes Pokémon aient besoin de plus d'entraînement.",
    "Toi et ton équipe, vous n'êtes pas encore prêts à me battre.",
    "C'est un grand dommage que tu sois encore si faible.",
    "Entraîne davantage tes Pokémon si tu ne veux pas perdre de manière désastreuse",
    "Il vaudrait mieux ne pas me défier maintenant, mon équipe Pokémon te détruirait.",
    "Oh, mais ce n'est pas le moment de me défier maintenant ! Tu es encore trop faible.",
    "Tu as l'intention de gagner ? Alors entraîne-toi davantage",
    "Débutants... Pourquoi cherchez-vous toujours des défis plus grands que vous ?",
    "Entraîne-toi mieux, tes Pokémon sont vraiment faibles !",
    "Écarte-toi, tu es trop faible pour moi.",
    "Ne mets pas la charrue avant les bœufs. Entraîne-toi avant de me défier !",
    "Mes Pokémon pourraient te manger au petit-déjeuner. Tu as besoin de plus d'entraînement !",
    "Tu sembles si jeune... Tu n'as pas beaucoup d'expérience, n'est-ce pas ?",
    "Je voudrais un vrai adversaire... Entraîne-toi davantage !",
    "Tu n'es pas encore assez fort pour me défier !",
    "Mais qui te crois-tu d'être !? Disparais, amateur.",
    "Tes Pokémon ne sont pas assez forts pour me battre.",
    "Tu as besoin de t'entraîner un peu plus avant de m'affronter",
    "Ce n'est pas encore le moment de me défier, entraîne-toi davantage.",
    "Toi et ton équipe de Pokémon aurez besoin de plus d'entraînement pour me battre.",
    "Tes Pokémon... Eh bien, on ne peut pas dire qu'ils soient assez forts pour moi.",
    "Mais qui te crois-tu d'être ? Tu veux vraiment me défier ? Alors entraîne-toi davantage.",
    "Je ne veux pas combattre si l'issue du combat est déjà décidée. Tu n'es pas assez fort.",
    "Tes Pokémon ont besoin de plus d'entraînement !",
    "Je n'affronte pas des débutants en combat. Disparais !",
    "Je pense qu'il vaudrait mieux un peu plus d'exercice avant de nous battre, qu'en dis-tu ?",
    "Et tu appelles ça des Pokémon ? Écarte-toi, perdant.",
    "Ce n'est pas possible... Tu ne pourrais jamais me battre dans ces conditions !",
    "Tu surestimes tes Pokémon. Entraîne-toi davantage !",
    "Que crois-tu faire !? Reviens quand tu seras plus fort...",
    "Ce n'est pas encore ton moment... Tu dois t'entraîner !",
    "Oh non, ce n'est pas possible... Tu es encore trop faible pour me battre !",
    "Un peu plus d'expérience et nous pourrions nous battre ensemble !",
    "Si tu veux donner le meilleur de toi-même dans notre rencontre, tu auras besoin de t'entraîner davantage !",
    "Écarte-toi, débutant. Je n'ai pas de temps à perdre avec toi !",
    "Je ne pense pas que tu sois encore à ma hauteur.",
    "Un perdant comme toi ne peut pas se permettre de m'affronter !",
    "Toi et ton équipe, vous avez besoin de plus d'entraînement !",
    "Entraîne-toi davantage... Puis reviens vers moi et défie-moi !",
    "Dois-je attendre que tes Pokémon se nivelent d'eux-mêmes ? Bouge-toi.",
    "Nous combattrons quand tu seras plus fort.",
    "Tu as du talent, mais peut-être ne te suffira-t-il pas contre moi...",
    "Que dirais-tu de t'entraîner davantage avant de me défier ?",
    "Il faut plus d'engagement si tu espères me battre !",
    "Écarte-toi, mes Pokémon",
    "Mes Pokémon dévoreraient ton équipe au petit-déjeuner. Entraîne-toi encore !",
    "Ce n'est pas encore le moment de me défier.",
    "Quel perdant ! Où crois-tu aller avec cette équipe si médiocre !?",
    "Quelle équipe de perdants... Disparais de ma vue !",
    "Je ne pense pas que ce soit le bon choix pour tes Pokémon de m'affronter maintenant !",
    "Encore un effort et tu seras au top. Ne baisse pas les bras !",
    "Tu es sérieux ? Tu ne peux pas m'affronter comme ça !",
    "Tu perdrais même les yeux fermés. Tu as besoin d'entraîner ton équipe !",
    "Entraîne tes Pokémon et reviens ensuite pour un vrai défi !",
    "Si tu veux donner le meilleur de toi-même dans notre rencontre, tu auras besoin de t'entraîner davantage !",
    "Ce n'est pas encore le moment de me défier."
  ],
  "over_level_cap": [
    "Some of your Pokémon do not seem to fully respect you.",
    "Some Pokémon in your team appear to be too strong for you to handle.",
    "Your Pokémon do not trust you. Maybe acquire more badges to prove them your worth?",
    "You do not seem to be ready to fight with Pokémon of that level.",
    "Maybe you should store some of your Pokémon that do not respect you yet, it seems dangerous to fight with them.",
    "You do not seem to be ready to handle such strong Pokémon. You should store them until you have enough badges to prove them your strength.",
    "Your Pokémon seem a bit too powerful for you right now.",
    "It looks like your Pokémon aren't quite listening to you.",
    "Gaining more badges might help you earn your Pokémon's respect.",
    "Your Pokémon seem too strong for your current experience.",
    "Perhaps your Pokémon need more proof of your skills.",
    "You might find it hard to control such high-level Pokémon.",
    "Earning more badges will show your Pokémon you're capable.",
    "Your team seems to question your authority.",
    "Your Pokémon's power might be overwhelming for you.",
    "Gaining gym badges could improve your bond with them.",
    "Your Pokémon seem to doubt your capabilities.",
    "Earn more badges to prove your strength to your team.",
    "Your Pokémon might be out of your control right now.",
    "It's tough to command respect without more gym badges.",
    "Your Pokémon's level seems beyond your current ability.",
    "Gaining gym badges will help your Pokémon respect you.",
    "Your team needs more assurance of your leadership.",
    "Consider earning more badges to gain their trust.",
    "Your Pokémon seem to doubt your capabilities.",
    "You may need more experience to handle those Pokémon.",
    "Your bond with your Pokémon could use more development.",
    "Maybe it's time to prove your worth to your Pokémon.",
    "Your Pokémon seem hesitant to follow your lead.",
    "It seems like your team questions your experience.",
    "Earning badges will strengthen your connection with them.",
    "Your Pokémon are powerful, but are you ready for them?",
    "Show your team you're worthy by gaining more badges.",
    "Your Pokémon may not listen until you prove yourself.",
    "Consider storing high-level Pokémon until you're ready.",
    "Your team is looking for a stronger leader.",
    "Building trust takes time and gym victories.",
    "Some Pokémon in your team are beyond your current skill.",
    "You need more badges to command their respect.",
    "Your Pokémon's strength requires more leadership.",
    "Prove yourself to your Pokémon by earning more badges.",
    "Your team needs a stronger display of leadership.",
    "Your current experience may not suffice for those Pokémon.",
    "Some Pokémon may challenge your authority without badges."
  ],
  "battle_start": [
    "Abandonne immédiatement, ou prépare-toi à combattre !",
    "C'est une journée parfaite pour un défi, n'est-ce pas ?",
    "Tu crois me faire peur !? Combats !",
    "Mes Pokémon sont impatients de te battre !",
    "Tu crois peut-être pouvoir me battre !?",
    "Montre-moi ce que tu sais faire, combats !",
    "Tu te crois fort ? Montre plutôt tes Pokémon au lieu de parler !",
    "Finissons-en rapidement...",
    "J'ai hâte de te battre et de le dire à tout le monde !",
    "Hein ? Tu veux te battre ? Pourquoi pas !",
    "Je ne recule jamais devant un défi !",
    "Un défi Pokémon ? Fantastique, je ne connais pas de meilleure façon de te montrer ma force.",
    "D'ordinaire, je n'affronte pas les amateurs, mais pour toi, je ferai une exception.",
    "Tes Pokémon semblent en forme, voyons ce qu'ils savent faire !",
    "Un défi contre moi ? Pense à perdre...",
    "Il n'y a pas de meilleur jour pour un combat Pokémon !",
    "Je faisais une promenade, mais je ne recule jamais devant un défi !",
    "J'ai appris de nouvelles attaques à mes Pokémon, maintenant je te les montre !",
    "Tu as l'air compétent ! Ça me fait plaisir de me battre contre toi.",
    "N'es-tu pas un peu trop jeune pour les combats Pokémon ?",
    "Enfin, tu as décidé de me défier !",
    "Un défi !? Ici, devant tout le monde ? Tu crois que c'est une bonne idée ?",
    "Je vais te montrer le résultat de mes entraînements quotidiens !",
    "Un défi Pokémon ? Quelle magnifique occasion de te donner une bonne leçon !",
    "Un défi Pokémon ? Ce sera un grand honneur pour toi de me voir combattre !",
    "Un défi Pokémon contre toi ? Ce sera pathétique...",
    "J'aime prendre des risques, je vais te montrer ce que je sais faire !",
    "Maman ne t'a-t-elle pas dit qu'il ne fallait pas défier les inconnus !?",
    "J'adore les défis Pokémon, ils me font toujours découvrir quelque chose que je ne connaissais pas auparavant !",
    "Tu as interrompu ma promenade, maintenant tu vas l'avoir avec moi !",
    "Je te donne une attaque avantageuse pour que tu ne puisses pas dire que ma victoire ne sera pas méritée.",
    "Je n'ai pas encore trouvé quelqu'un capable de me battre. Battons-nous !",
    "Je faisais un peu d'échauffement, veux-tu te joindre à moi ?",
    "Un défi Pokémon ? Bien sûr ! J'ai déjà défié le monde quand j'ai décidé d'être heureux !",
    "Tes Pokémon ne seront jamais aussi rapides que les miens. Combattons !",
    "J'accepte le défi. Je suis prêt à te détruire !",
    "Ce défi Pokémon ne sera qu'une étape de ton voyage, mais fais de ton mieux !",
    "Un défi Pokémon ? Tant qu'il est rapide...",
    "Plus ton orgueil est grand, plus il sera satisfaisant de te battre !",
    "Tu es si jeune... À ton âge, tu ne devrais pas combattre !",
    "Mes Pokémon seront heureux de te donner une leçon !",
    "Je suis à un pas de la Ligue... Je ne peux pas perdre maintenant !",
    "Tu veux me défier ? Ne me fais pas perdre de temps cependant...",
    "Aujourd'hui est vraiment ma journée, un beau défi Pokémon ne peut que me faire du bien !",
    "Il vaut mieux y réfléchir à deux fois avant de me défier, je ne suis pas un amateur comme toi !",
    "Comme tes Pokémon sont beaux ! Si je te défie, je pourrai les voir de près !",
    "Je viens de donner un bain à mon équipe de Pokémon, regarde comme leur pelage brille !",
    "Gagner... C'est la seule chose qui compte pour moi !",
    "Prépare-toi, ce ne sera pas facile de me battre !",
    "Fais en sorte que le défi Pokémon puisse t'aider dans ton parcours de croissance...",
    "J'aime combattre avec les jeunes talents comme toi !",
    "Les débutants ne me font que perdre mon temps... Je vais te donner une leçon !",
    "Tu as sacrément du culot pour me défier ! Voyons ce que tu sais faire.",
    "J'ai hâte de dire à maman que j'ai participé à un défi Pokémon !",
    "Ne crois pas pouvoir gagner facilement, maintenant je te montre ce que je sais faire !",
    "Aujourd'hui, j'ai capturé des Pokémon, veux-tu les voir ?",
    "Un défi Pokémon ? J'espère seulement que tu sais ce que tu fais !",
    "Je vais tout donner. Combattons !",
    "Quand j'aurai fini avec toi, tu prieras de ne jamais m'avoir rencontré !",
    "Les Pokémon sont magnifiques quand ils combattent, tu es d'accord ?",
    "Il n'y a rien de mieux qu'un beau défi Pokémon !"
  ],
  "battle_lost": [
    "Je n'y crois pas...",
    "Okay, je ne m'y attendais vraiment pas !",
    "Tu as eu de la chance seulement !",
    "Être capable de sourire après une défaite est la meilleure victoire.",
    "Qui combat peut perdre, celui qui ne combat pas a déjà perdu.",
    "Tu sais ce qu'est un perdant ? Le véritable perdant est celui qui a tellement peur de ne pas gagner qu'il n'essaie même pas !",
    "Tu es plus fort que ce que je pensais !",
    "J'ai perdu parce que je n'ai pas bien choisi le terrain de bataille.",
    "Celui qui dit que gagner ou perdre n'a pas d'importance a probablement déjà perdu...",
    "Ne te vante pas de cette victoire, la prochaine fois je gagnerai !",
    "Tu as été meilleur que moi, je te l'accorde.",
    "L'art de gagner s'apprend dans les défaites.",
    "Il y a bien des victoires pires qu'une défaite.",
    "Je n'oublie jamais un visage, mais dans ton cas, je serais heureux de faire une exception.",
    "J'ai besoin de m'entraîner davantage !",
    "Comment ai-je pu perdre contre un amateur comme toi ?!",
    "Wow, félicitations ! Quel beau lien il y a entre toi et tes Pokémon !",
    "J'ai donné le meilleur de moi-même et cela me suffit ! Félicitations pour la victoire.",
    "Ce n'est pas juste ! Je n'étais pas en pleine forme !",
    "C'était un beau combat, tu mériterais une médaille !",
    "Je t'ai laissé gagner, je pensais que c'était acquis...",
    "La prochaine fois, je gagnerai !",
    "J'ai beaucoup appris de cette défaite, donc en réalité j'ai gagné !",
    "Parfois, perdre est même plus important que gagner.",
    "Tu as fait un travail fantastique avec tes Pokémon !",
    "Je vais m'entraîner énormément pour notre prochain affrontement !",
    "Tu as blessé mon orgueil....",
    "Rien n'est aussi odieux que la chance des autres...",
    "Tu as gagné mon respect, félicitations !",
    "Il y en a qui rient avant et il y en a qui rient après...",
    "Je t'ai trop sous-estimé...",
    "Parfois, je fais aussi de mauvais choix...",
    "Cela ne m'empêchera pas de devenir le meilleur des meilleurs !",
    "Je parie qu'à présent tu iras te vanter de cette victoire...",
    "J'aime utiliser les moments difficiles du passé pour me motiver aujourd'hui.",
    "Tu ne peux pas battre quelqu'un qui n'abandonne jamais.",
    "C'est entièrement la faute de mes Pokémon, ils ne se sont pas suffisamment donnés !",
    "Tu as eu ce que tu voulais, maintenant disparais !",
    "Plus je te regarde, plus mon estime de moi baisse !",
    "Je ferai de mon mieux la prochaine fois !",
    "Tout le monde a un mauvais jour, tu ne crois pas ?",
    "À partir d'aujourd'hui, je penserai à toi chaque fois que je m'entraînerai !",
    "Et moi qui pensais être capable de gagner chaque défi...",
    "Tu as trop confiance en tes Pokémon. Il est impossible de te battre !",
    "Peut-être qu'il valait mieux rester à la maison aujourd'hui...",
    "Tu es jeune... Et pourtant, tu as de la force à revendre, félicitations !",
    "C'était une victoire juste. J'ai perdu à cause de ma superbie...",
    "Ce ne sera certainement pas une défaite qui m'arrêtera !",
    "Peut-être faudrait-il enseigner de nouvelles attaques à mes Pokémon...",
    "Mais comment est-ce possible !? Tu me dis que j'ai perdu !?",
    "Qu'est-ce qui te rend si fort ?!",
    "Maintenant, je suis le premier des perdants...",
    "Ai-je vraiment perdu un défi contre toi ?!",
    "Je ne perds jamais. Soit je gagne, soit j'apprends.",
    "Un jour, je surpasserai tout le monde, même toi !",
    "Dès que possible, je veux te défier à nouveau !",
    "J'ai accumulé trop de défaites...",
    "Il vaudrait mieux laisser tomber les défis, ce n'est pas pour moi !",
    "Je peux perdre un combat, mais je ne perdrai jamais confiance !",
    "Bien joué. Où que tu ailles, va la tête haute !",
    "Cette fois, je croyais y arriver...",
    "De justesse ! Tu m'as volé la victoire à la dernière seconde !",
    "D'où viens-tu ?! Je ne savais pas qu'il y avait des gens forts comme toi là-bas...",
    "Je dois des excuses à mon équipe de Pokémon...",
    "Quel combat incroyable ! J'ai encore beaucoup à apprendre, n'est-ce pas ?",
    "Tu as eu ce que tu voulais, maintenant disparais....",
    "Mieux vaut pleurer une défaite que la honte de ne pas avoir combattu.",
    "La défaite d'aujourd'hui sera le tremplin pour la victoire de demain"
  ],
  "battle_won": [
    "La victoire n'arrivera jamais à ceux qui ne sont pas prêts à affronter la défaite.",
    "Tu as encore beaucoup à apprendre !",
    "Je suis toujours content quand j'arrive à te donner une leçon !",
    "Un autre jour, une autre victoire !",
    "On ne peut pas toujours gagner, mais moi, je fais exception !",
    "Il y a de mauvaises façons de gagner et de bonnes façons de perdre. Tu as très bien perdu !",
    "Tu as du talent mais cela ne t'a pas suffi.",
    "Tes Pokémon sont forts ! C'est leur dresseur le problème !",
    "Ça a été trop facile...",
    "Une victoire méritée, tu ne crois pas ?",
    "Je suis plus fort ! Non seulement je te mets K.O, mais je choisis aussi le round.",
    "La victoire n'a aucun goût contre un perdant.",
    "Une autre victoire pour ma collection !",
    "Il vaudrait mieux nous défier quand tu seras plus fort.",
    "Ne désespère pas. Chaque défaite est un pas vers la victoire.",
    "Tu es fort, mais pas assez !",
    "La pratique rend parfait, souviens-toi-en pour l'avenir.",
    "La prochaine fois, je gagnerai encore !",
    "Je ne peux pas vraiment me battre si je sais à l'avance que je gagnerai toujours.",
    "Sois témoin de ma victoire !",
    "Si tu ne joues pas pour gagner, ne joue pas du tout.",
    "Plus la victoire est difficile, plus le bonheur de gagner est grand.",
    "Ton voyage ne fait que commencer. Tu ne veux pas t'arrêter maintenant !",
    "Je dirais qu'aujourd'hui, ça suffit, tu es d'accord ?",
    "Ne te rends pas, tu t'amélioreras bientôt.",
    "Un excellent échauffement, quand tu te battras sérieusement ?",
    "Aujourd'hui, ce n'est vraiment pas ta journée !",
    "Je suis là si tu veux réessayer !",
    "La victoire a un goût si doux...",
    "Tu as eu du courage ! La prochaine fois, tu n'y arriveras pas en fuyant !",
    "Tu peux y aller, aujourd'hui j'ai fait le plein de perdants.",
    "Les plus beaux sourires, je les ai vus sur le visage des dresseurs comme toi !",
    "Être vaincu n'est pas un échec, mais rester immobile là où on est tombé, ça l'est.",
    "Tu auras plus de chance la prochaine fois.",
    "S'entraîner est la seule façon de changer les choses !",
    "Il n'y a jamais de repos pour les meilleurs...",
    "Tu as mis à l'épreuve ma patience et tu as quand même perdu !",
    "Ta reddition est ma victoire, n'est-ce pas ?",
    "Plus grand que mon talent, il n'y a que l'orgueil !",
    "Tu n'es pas encore prêt... Tu dois t'entraîner !",
    "J'attendrai avec impatience le prochain combat !",
    "Aujourd'hui, je suis inégalable, il vaudrait mieux combattre un autre jour !",
    "Reviens d'où tu viens, amateur...",
    "Il te faudra plus que quelques belles attaques pour me battre !",
    "J'avais déjà gagné dès le départ, je voulais juste te voir en action.",
    "Enfin, je peux dire à mes amis que j'ai gagné !",
    "Tu as fait de ton mieux ! Essaie encore !",
    "Aujourd'hui, je suis sur un autre niveau !",
    "J'ai beaucoup appris de toi, maintenant fais reposer tes Pokémon !",
    "Aujourd'hui, je gagne. Demain aussi.",
    "Maintenant, tu pourras dire que tu as essayé, la prochaine fois tu y arriveras !",
    "Tes Pokémon ont besoin de plus d'entraînement !",
    "Tu ne pourras jamais me battre, amateur !",
    "Tu croyais vraiment pouvoir me battre ?",
    "Ta défaite n'est qu'un pas de plus vers mon succès !",
    "Un rival en moins. Aujourd'hui est un très beau jour !",
    "Assure-toi de ne jamais faire moins que ton maximum !",
    "Mes Pokémon sont les meilleurs ! L'entraînement porte enfin ses fruits.",
    "Ma victoire a été un éclair dans un ciel serein !",
    "N'aie pas peur de me défier à nouveau. Je t'attends !",
    "Gagner n'est pas important, c'est la seule chose qui compte !",
    "Tu es encore là ? Il vaudrait mieux que tu rentres chez toi !",
    "Il ne m'est pas permis de perdre, en effet, je gagne toujours !",
    "La prochaine fois sera la bonne pour toi, je le sens !",
    "Tes Pokémon sont toujours aussi heureux de perdre ?",
    "Je gagne si souvent que j'ai du mal à me souvenir de tous les duels !",
    "Avec la bonne motivation, tout est possible ! Défie-moi encore !",
    "Il n'a jamais été aussi facile de gagner !",
    "Je t'enverrai une carte postale de la Ligue Pokémon si tu n'y parviens pas !"
  ],
  "on_cooldown": [
    "J'ai besoin d'une pause, maintenant.",
    "J'emmènerai mon équipe au centre Pokémon. Nous combattrons plus tard",
    "Désolé, j'ai quelque chose à faire maintenant.",
    "Je dois acheter une réserve de Potions pour le prochain combat.",
    "Nous combattrons plus tard, maintenant je vais me reposer.",
    "Disparais maintenant !",
    "J'ai autre chose à faire maintenant, nous combattrons plus tard.",
    "Mes Pokémon ont besoin d'une pause maintenant.",
    "Désolé, je ne me sens pas très en forme en ce moment...",
    "Laisse-moi tranquille, je n'ai pas envie de me battre maintenant.",
    "Je ne peux pas maintenant, j'ai autre chose en tête.",
    "Tu n'as personne d'autre à déranger ?",
    "Je pense que je vais rentrer à la maison, maintenant.",
    "Assez de défis Pokémon pour aujourd'hui.",
    "Ce n'est pas une bonne idée de terminer un combat et d'en commencer un autre tout de suite.",
    "Je n'ai pas envie de me battre maintenant.",
    "Mes Pokémon ont besoin d'un bain maintenant.",
    "Il vaudrait mieux faire reposer ton équipe de Pokémon.",
    "J'aimerais passer par un centre Pokémon avant le prochain défi.",
    "Désolé, j'ai d'autres engagements maintenant.",
    "Je ne veux pas interrompre ma promenade maintenant.",
    "C'est assez de combats pour aujourd'hui.",
    "Je n'ai pas de temps à consacrer à un autre défi maintenant.",
    "Je n'ai pas de temps pour toi maintenant.",
    "Tu as épuisé la patience qu'il me restait.",
    "Tu n'en as pas eu assez pour aujourd'hui !?",
    "Nous avons tous besoin d'une pause, maintenant.",
    "Il vaut mieux s'arrêter pour le moment.",
    "Je veux rentrer à la maison, maintenant.",
    "Il est temps de s'arrêter.",
    "J'ai besoin de faire quelques choses avant le prochain défi.",
    "J'entraînerai mes Pokémon du mieux que je peux pour notre prochain affrontement.",
    "J'enseignerai de meilleures attaques à mes Pokémon pour notre prochain affrontement.",
    "Je n'ai plus de temps pour les débutants...",
    "Va chez toi, nous n'avons plus rien à faire.",
    "Quel genre d'entraîneur es-tu ? Fais reposer tes Pokémon d'abord !",
    "Notre dernier défi ne t'a pas suffi ?",
    "Pourrais-tu m'indiquer le centre Pokémon le plus proche ?",
    "Je dois prendre soin de mes Pokémon maintenant",
    "Je ne veux pas voir ton visage, maintenant.",
    "Arrête de me demander un autre défi, nous le ferons demain.",
    "J'ai besoin d'une pause, pas maintenant.",
    "Je n'ai pas envie d'un autre défi maintenant.",
    "Excuse-moi, maintenant je dois nourrir mes Pokémon.",
    "Ne m'embête pas, c'est assez de combats pour aujourd'hui.",
    "Je dois enseigner de nouvelles stratégies à mes Pokémon pour gagner",
    "Je pense que je vais faire une promenade maintenant.",
    "Je dois m'en aller d'ici.",
    "Si nous nous battions maintenant, nous pourrions blesser nos Pokémon.",
    "Nous combattrons à nouveau seulement quand je serai en meilleure forme.",
    "Mes Pokémon ne sont pas prêts pour un nouveau combat.",
    "Je pense que je vais acheter une glace...",
    "Dans la vie, il n'y a pas que des combats Pokémon, tu sais ?",
    "Pourquoi ne faisons-nous pas une pause ?",
    "Écarte-toi, débutant."
  ],
  "is_busy": [
    "Tu ne vois pas que je suis déjà en train de combattre ?",
    "Désolé, je ne peux pas parler maintenant. Je dois me concentrer !",
    "Disparais, amateur. Je suis déjà en train de combattre !",
    "Attends un instant, je finis de combattre !",
    "Je ne peux pas te défier maintenant, je suis au beau milieu d'un autre combat !",
    "D'abord, je dois finir un autre combat !",
    "Va-t'en, j'ai des choses à faire !",
    "Je n'ai pas de temps pour toi maintenant !",
    "J'ai un défi Pokémon à gagner !",
    "Attends, ne vois-tu pas que je me concentre sur mon combat !?",
    "Pas maintenant !",
    "Je dois finir ce défi Pokémon !",
    "Je n'ai pas de temps pour toi, je dois combattre !",
    "Mon équipe de Pokémon est déjà engagée dans un autre combat !",
    "Je ne peux pas, maintenant !",
    "Ne vois-tu pas que je suis en train de combattre ?! Va-t'en !",
    "Ce défi Pokémon est difficile, ne me distraits pas !",
    "Je ne peux pas !",
    "J'accepterai ton défi seulement après avoir fini le mien !",
    "Tu me déconcentres !",
    "Un défi !? Maintenant !? Écarte-toi !",
    "Je ne peux pas te défier maintenant !",
    "Je ne peux pas accepter ton défi, je suis déjà en train de combattre !",
    "Ce combat est important pour moi, j'accepterai ton défi plus tard.",
    "C'est le moment le plus délicat du combat. Ne m'importune pas !",
    "J'ai déjà accepté un autre défi, attends !",
    "Pas maintenant.",
    "Ne me distraits pas.",
    "Écarte-toi, je ne vois pas le champ de bataille !",
    "Pourrais-tu te déplacer, s'il te plaît ?",
    "Arrête de me parler, ne vois-tu pas que j'ai des choses à faire !?",
    "Regarde, si je perds, ce sera de ta faute. Arrête de me distraire !",
    "Je dois gagner ce combat !",
    "Je ne peux pas interrompre mon défi à mi-chemin !",
    "Écarte-toi, amateur. Va-t'en faire un tour !",
    "Mes Pokémon sont en difficulté... Ne me distraits pas !",
    "Je suis sur le point de gagner, ne me distraits pas !",
    "Il reste peu de temps avant la fin de ce défi, attends !",
    "N'interromps pas mon défi Pokémon au beau milieu !",
    "Ne m'interromps pas !",
    "Mon défi n'est pas encore terminé !",
    "Désolé, je suis au milieu d'un autre combat !",
    "Mon équipe de Pokémon est déjà en train de combattre, ne vois-tu pas !?",
    "Peux-tu attendre ? Je termine ce combat Pokémon et ensuite je te défie !",
    "Je ne peux pas affronter deux défis Pokémon en même temps",
    "Mon adversaire est un type coriace... Je suis en difficulté !",
    "Il me manque un dernier effort pour gagner !",
    "Écarte-toi, tu me distrais !",
    "Je ne peux vraiment pas me distraire maintenant !",
    "Désolé, nous ne pouvons pas parler maintenant.",
    "Désolé, je ne peux pas te répondre pour le moment.",
    "Je peux le faire... Je peux gagner !",
    "Mamma mia ! Mes Pokémon sont en pleine forme, tu ne trouves pas ?",
    "Quand je combats, je me sens si bien !",
    "Ne me distraits pas, c'est mon tour !",
    "Mes Pokémon sont adorables, tu ne trouves pas ?",
    "Si tu me distraits, je pourrais perdre !",
    "Juste maintenant ?! Ne vois-tu pas que je suis déjà en train de combattre !?",
    "On m'a déjà défié, reviens plus tard."
  ],
  "player_busy": [
    "Tu devrais d'abord finir l'autre bataille !",
    "Je te soutiens !",
    "Concentre-toi sur le défi que tu affrontes déjà !",
    "Finis d'abord ton défi !",
    "Regarde, je ne pars pas, finis ton combat !",
    "Montre-moi ce que tu sais faire, ensuite nous nous défierons.",
    "Quel défi pathétique... allez, dépêche-toi, puis combattons !",
    "Tu as presque fini ton défi, n'abandonne pas maintenant !",
    "Ta capacité de concentration est déjà si faible... Finis ton combat !",
    "Ne te laisse pas distraire d'un combat Pokémon !",
    "Regarde, ce n'est pas une bonne idée de se distraire pendant un combat Pokémon !",
    "Tes Pokémon sont déjà si pathétiques... Au moins, ils ne font pas de dégâts !",
    "Tu pourrais perdre le combat Pokémon si tu te laisses distraire aussi facilement !",
    "On ne t'a pas appris que se distraire pendant un combat Pokémon, c'est mal !?",
    "Pendant que tu me parles, tes Pokémon se battent, ce n'est pas un choix sage...",
    "Un défi Pokémon hilarant ! J'ai hâte de voir comment ça se termine !",
    "Voyons les dernières attaques de ton Pokémon !",
    "Concentre-toi sur ton adversaire actuel !",
    "Je te soutiens !",
    "Wow, quel défi ! J'ai hâte de me battre avec toi !",
    "Ton adversaire mériterait toute ton attention !",
    "Tu risques de perdre si tu ne te concentres pas assez sur ton combat actuel !",
    "Tes Pokémon semblent si en forme ! Quel est ton secret !?",
    "Je peux profiter de ton combat pour voir comment tu te bats...",
    "Pendant que tu finis ton combat Pokémon, je prépare mon équipe.",
    "Pendant que tu finis ton combat, j'étudie une stratégie gagnante !",
    "Il pourrait être dangereux de s'éloigner d'un combat Pokémon en cours !",
    "Ce n'est vraiment pas le moment d'un double combat !",
    "Je suis disponible pour un combat, mais apparemment pas toi !",
    "Hé, un amateur comme toi ne peut pas encore se permettre des combats doubles !",
    "Bats d'abord ton adversaire actuel !",
    "Le combat Pokémon que tu affrontes mérite toute ton attention !",
    "Apprends à marcher avant de courir... Un combat à la fois !",
    "Si tu veux te battre avec moi, tu dois me donner toute ton attention !",
    "Je ne suis pas un adversaire facile, pour notre combat tu devras te concentrer davantage !",
    "Deux combats en même temps ?! Ça me semble trop, même pour toi !",
    "Tu ne peux défier qu'un seul dresseur à la fois.",
    "Tu ne peux pas te concentrer sur deux combats Pokémon en même temps !",
    "Pendant que nous parlons, ton combat continue !",
    "Ne te distraits surtout pas à la fin de ton combat !",
    "Tu essaies de fuir ton combat actuel !?",
    "Quelle est ta stratégie pour gagner !?"
  ],
  "done_looser": [
    "Une défaite n'est que le début de quelque chose de meilleur",
    "Tu as eu que de la chance !",
    "J'ai beaucoup appris de cette défaite, donc en réalité j'ai gagné !",
    "Wow... Je suis vraiment sans voix !",
    "Tu as le talent pour faire de grandes choses !",
    "Parfois, il faut perdre. C'est ainsi qu'on apprend à gagner !",
    "Quelle bataille magnifique ! Refaisons-le, quand tu veux !",
    "Alors c'est comme ça qu'on se sent en étant un perdant...",
    "La prochaine fois, je gagnerai !",
    "Je n'y crois toujours pas...",
    "Okay, je ne m'y attendais vraiment pas !",
    "Tu as eu que de la chance !",
    "Être capable de sourire après une défaite est la meilleure victoire.",
    "Celui qui combat peut perdre, celui qui ne combat pas a déjà perdu",
    "Tu sais ce qu'est un perdant ? Le vrai perdant est celui qui a tellement peur de ne pas gagner qu'il n'essaie même pas !",
    "Tu es plus fort que ce que je pensais !",
    "J'ai perdu parce que je n'ai pas bien choisi le terrain de bataille.",
    "Celui qui dit que gagner ou perdre n'a pas d'importance a probablement perdu...",
    "Ne te vante pas de cette victoire, la prochaine fois je gagnerai !",
    "Tu as été meilleur que moi, je te l'accorde.",
    "L'art de gagner s'apprend dans les défaites.",
    "Il y a bien des victoires pires qu'une défaite.",
    "Je n'oublie jamais un visage, mais dans ton cas, je serais heureux de faire une exception.",
    "J'ai besoin de m'entraîner plus !",
    "Comment ai-je pu perdre contre un amateur comme toi ?!",
    "Wow, félicitations ! Quel beau lien il y a entre toi et tes Pokémon !",
    "J'ai donné le maximum et cela me suffit ! Félicitations pour la victoire.",
    "Ce n'est pas juste ! Je n'étais pas en pleine forme !",
    "C'était un beau combat, tu mériterais une médaille !",
    "Je t'ai laissé gagner, je pensais que c'était acquis...",
    "La prochaine fois, je gagnerai !",
    "J'ai beaucoup appris de cette défaite, donc en réalité j'ai gagné !",
    "Parfois, perdre est même plus important que gagner.",
    "Tu as fait un travail fantastique avec tes Pokémon !",
    "Je vais m'entraîner énormément pour notre prochain affrontement !",
    "Tu as blessé mon orgueil....",
    "Rien n'est aussi odieux que la chance des autres...",
    "Tu as gagné mon respect, félicitations !",
    "Il y en a qui rient avant et il y en a qui rient après...",
    "Je t'ai trop sous-estimé...",
    "Parfois, je fais aussi de mauvais choix...",
    "Cela ne m'empêchera pas de devenir le meilleur des meilleurs !",
    "Je parie qu'à présent tu iras te vanter de cette victoire...",
    "J'aime utiliser les moments difficiles du passé pour me motiver aujourd'hui.",
    "Tu ne peux pas battre quelqu'un qui n'abandonne jamais.",
    "C'est entièrement la faute de mes Pokémon, ils ne se sont pas assez donnés !",
    "Tu as eu ce que tu voulais, maintenant disparais !",
    "Plus je te regarde, plus mon estime de moi baisse !",
    "Je ferai de mon mieux la prochaine fois !",
    "Tout le monde a un mauvais jour, tu ne crois pas ?",
    "À partir d'aujourd'hui, je penserai à toi chaque fois que je m'entraînerai !",
    "Et moi qui pensais être capable de gagner chaque défi...",
    "Tu as trop confiance en tes Pokémon. Il est impossible de te battre !",
    "Peut-être qu'il valait mieux rester à la maison aujourd'hui...",
    "Tu es jeune... Et pourtant, tu as de la force à revendre, félicitations !",
    "C'était une victoire juste. J'ai perdu à cause de ma superbie...",
    "Ce ne sera certainement pas une défaite qui m'arrêtera !",
    "Peut-être faudrait-il enseigner de nouvelles attaques à mes Pokémon...",
    "Mais comment est-ce possible !? Tu me dis que j'ai perdu !?",
    "Qu'est-ce qui te rend si fort ?!",
    "Maintenant, je suis le premier des perdants...",
    "Ai-je vraiment perdu un défi contre toi ?!",
    "Je ne perds jamais. Soit je gagne, soit j'apprends.",
    "Un jour, je surpasserai tout le monde, même toi !",
    "Dès que possible, je veux te défier à nouveau !",
    "J'ai accumulé trop de défaites...",
    "Il vaudrait mieux laisser tomber les défis, ce n'est pas pour moi !",
    "Je peux perdre un combat, mais je ne perdrai jamais confiance !",
    "Bien joué. Où que tu ailles, va la tête haute !",
    "Cette fois, je croyais y arriver...",
    "De justesse ! Tu m'as volé la victoire à la dernière seconde !",
    "D'où viens-tu ?! Je ne savais pas qu'il y avait des gens forts comme toi là-bas...",
    "Je dois des excuses à mon équipe de Pokémon...",
    "Quel combat incroyable ! J'ai encore beaucoup à apprendre, n'est-ce pas ?",
    "Tu as eu ce que tu voulais, maintenant disparais....",
    "Mieux vaut pleurer une défaite que la honte de ne pas avoir combattu.",
    "La défaite d'aujourd'hui sera le tremplin pour la victoire de demain"
  ],
  "done_winner": [
    "La victoire n'arrivera jamais à ceux qui ne sont pas prêts à affronter la défaite.",
    "Tu as encore beaucoup à apprendre !",
    "Je serai plus satisfait quand j'arriverai à te donner une leçon !",
    "Tu m'as juste fait perdre du temps précieux !",
    "On ne peut pas toujours gagner, mais essayer est une obligation !",
    "Il y a de mauvaises façons de gagner et de bonnes façons de perdre.",
    "Tu as du talent. Pourquoi abandonnés-tu ?",
    "Tes Pokémon sont forts ! C'est leur dresseur le problème !",
    "Ça a été trop facile...",
    "Juste au moment où j'étais sur le point de te battre...",
    "Je suis le plus fort ! Non seulement je peux te mettre K.O, mais je te fais fuir !",
    "La victoire n'a aucun goût contre un perdant.",
    "Une autre victoire pour ma collection !",
    "Il vaudrait mieux nous défier quand tu seras plus fort.",
    "Ma victoire était si proche...",
    "Tu crois être fort, mais tu ne l'es pas assez.",
    "La pratique rend parfait, souviens-toi-en pour l'avenir.",
    "La prochaine fois, je gagnerai encore !",
    "Je ne peux pas vraiment me battre si je sais à l'avance que je gagnerai toujours.",
    "Sois témoin de ma victoire !",
    "Si tu ne joues pas pour gagner, ne joue pas du tout.",
    "Plus la victoire est difficile, plus le bonheur de gagner est grand.",
    "Ton voyage ne fait que commencer. Tu ne veux pas t'arrêter maintenant !",
    "Je dirais qu'aujourd'hui, ça suffit, tu es d'accord ?",
    "Ne te rends pas, tu t'amélioreras bientôt.",
    "Un excellent échauffement, quand tu te battras sérieusement ?",
    "Aujourd'hui, ce n'est vraiment pas ta journée !",
    "Je suis là si tu veux réessayer !",
    "La victoire a un goût si doux...",
    "Tu as eu du courage ! La prochaine fois, tu n'y arriveras pas en fuyant !",
    "Tu peux y aller, aujourd'hui j'ai fait le plein de perdants.",
    "Les plus beaux sourires, je les ai vus sur le visage des dresseurs comme toi !",
    "Être vaincu n'est pas un échec, mais rester immobile là où on est tombé, ça l'est.",
    "Tu auras plus de chance la prochaine fois.",
    "S'entraîner est la seule façon de changer les choses !",
    "Il n'y a jamais de repos pour les meilleurs...",
    "Tu as mis à l'épreuve ma patience et tu as quand même perdu !",
    "Ta reddition est ma victoire, n'est-ce pas ?",
    "Plus grand que mon talent, il n'y a que l'orgueil !",
    "Tu n'es pas encore prêt... Tu dois t'entraîner !",
    "J'attendrai avec impatience le prochain combat !",
    "Aujourd'hui, je suis inégalable, il vaudrait mieux combattre un autre jour !",
    "Reviens d'où tu viens, amateur...",
    "Il te faudra plus que quelques belles attaques pour me battre !",
    "J'avais déjà gagné dès le départ, je voulais juste te voir en action.",
    "Enfin, je peux dire à mes amis que j'ai gagné !",
    "Tu as fait de ton mieux ! Essaie encore !",
    "Aujourd'hui, je suis sur un autre niveau !",
    "J'ai beaucoup appris de toi, maintenant fais reposer tes Pokémon !",
    "Aujourd'hui, je gagne. Demain aussi.",
    "Maintenant, tu pourras dire que tu as essayé, la prochaine fois tu y arriveras !",
    "Tes Pokémon ont besoin de plus d'entraînement !",
    "Tu ne pourras jamais me battre, amateur !",
    "Tu croyais vraiment pouvoir me battre ?",
    "Ta défaite n'est qu'un pas de plus vers mon succès !",
    "Un rival en moins. Aujourd'hui est un très beau jour !",
    "Assure-toi de ne jamais faire moins que ton maximum !",
    "Mes Pokémon sont les meilleurs ! L'entraînement porte enfin ses fruits.",
    "Ma victoire a été un éclair dans un ciel serein !",
    "N'aie pas peur de me défier à nouveau. Je t'attends !",
    "Gagner n'est pas important, c'est la seule chose qui compte !",
    "Tu es encore là ? Il vaudrait mieux que tu rentres chez toi !",
    "Il ne m'est pas permis de perdre, en effet, je gagne toujours !",
    "La prochaine fois sera la bonne pour toi, je le sens !",
    "Tes Pokémon sont toujours aussi heureux de perdre ?",
    "Je gagne si souvent que j'ai du mal à me souvenir de tous les duels !",
    "Avec la bonne motivation, tout est possible ! Défie-moi encore !",
    "Il n'a jamais été aussi facile de gagner !",
    "Je t'enverrai une carte postale de la Ligue Pokémon si tu n'y parviens pas !"
  ],
  "done_generic": [
    "Tu as des Pokémon dans ton équipe trop forts pour ce combat. Ce ne serait pas loyal !"
  ]
}
