{
  "carvers": {
    "air": "minecraft:nether_cave"
  },
  "downfall": 0.0,
  "effects": {
    "additions_sound": {
      "sound": "minecraft:ambient.crimson_forest.additions",
      "tick_chance": 0.0111
    },
    "ambient_sound": "minecraft:ambient.crimson_forest.loop",
    "fog_color": 3343107,
    "mood_sound": {
      "block_search_extent": 8,
      "offset": 2.0,
      "sound": "minecraft:ambient.crimson_forest.mood",
      "tick_delay": 6000
    },
    "music": {
      "max_delay": 24000,
      "min_delay": 12000,
      "replace_current_music": false,
      "sound": "minecraft:music.nether.crimson_forest"
    },
    "particle": {
      "options": {
        "type": "minecraft:crimson_spore"
      },
      "probability": 0.025
    },
    "sky_color": 7254527,
    "water_color": 4159204,
    "water_fog_color": 329011
  },
  "features": [
    [],
    [],
    [],
    [],
    [],
    [],
    [],
    [
      "minecraft:spring_open",
      "minecraft:patch_fire",
      "minecraft:glowstone_extra",
      "minecraft:glowstone",
      "minecraft:ore_magma",
      "minecraft:spring_closed",
      "minecraft:ore_gravel_nether",
      "minecraft:ore_blackstone",
      "minecraft:ore_gold_nether",
      "minecraft:ore_quartz_nether",
      "minecraft:ore_ancient_debris_large",
      "minecraft:ore_debris_small"
    ],
    [],
    [
      "minecraft:spring_lava",
      "minecraft:brown_mushroom_normal",
      "minecraft:red_mushroom_normal",
      "minecraft:weeping_vines",
      "minecraft:crimson_fungi",
      "minecraft:crimson_forest_vegetation"
    ]
  ],
  "has_precipitation": false,
  "spawn_costs": {},
  "spawners": {},
  "temperature": 2.0
}