{
  "villagerMaps" : {
    "minecraft:cartographer": [
      {
        "tradeLevel": 1,
        "structure" : "cobbleverse:brock",
        "mapName": "Brock",
        "mapIcon": "banner_brown",
        "emeraldsRequired": 1,
        "tradesAllowed": 12,
        "xpReward": 5,
        "spawnRegionSearchRadius": 100
      },
      {
        "tradeLevel": 1,
        "structure": "cobbleverse:misty",
        "mapName": "Misty",
        "mapIcon": "banner_light_blue",
        "emeraldsRequired": 2,
        "tradesAllowed": 12,
        "xpReward": 10,
        "spawnRegionSearchRadius": 100
      },
      {
        "tradeLevel": 1,
        "structure": "cobbleverse:ltsurge",
        "mapName": "Lt.Surge",
        "mapIcon": "banner_yellow",
        "emeraldsRequired": 3,
        "tradesAllowed": 12,
        "xpReward": 15,
        "spawnRegionSearchRadius": 100
      },
      {
        "tradeLevel": 2,
        "structure": "cobbleverse:erika",
        "mapName": "Erika",
        "mapIcon": "banner_lime",
        "emeraldsRequired": 4,
        "tradesAllowed": 12,
        "xpReward": 20,
        "spawnRegionSearchRadius": 100
      },
      {
        "tradeLevel": 2,
        "structure": "cobbleverse:sabrina",
        "mapName": "Sabrina",
        "mapIcon": "banner_pink",
        "emeraldsRequired": 5,
        "tradesAllowed": 12,
        "xpReward": 25,
        "spawnRegionSearchRadius": 100
      },
      {
        "tradeLevel": 2,
        "structure": "cobbleverse:koga",
        "mapName": "Koga",
        "mapIcon": "banner_purple",
        "emeraldsRequired": 6,
        "tradesAllowed": 12,
        "xpReward": 30,
        "spawnRegionSearchRadius": 100
      },
      {
        "tradeLevel": 5,
        "structure": "cobbleverse:giovanni",
        "mapName": "Giovanni",
        "mapIcon": "banner_black",
        "emeraldsRequired": 8,
        "tradesAllowed": 12,
        "xpReward": 40,
        "spawnRegionSearchRadius": 100
      }
    ]
  },
  "wanderingTraderMap" : {
    "rare": [
      {
        "structure": "repurposed_structures:bastion_underground",
        "mapName": "Underground Bastion Map",
        "mapIcon": "banner_gray",
        "emeraldsRequired": 38,
        "tradesAllowed": 1,
        "xpReward": 100,
        "spawnRegionSearchRadius": 50
      },
      {
        "structure": "repurposed_structures:village_mushroom",
        "mapName": "Mushroom Village Map",
        "mapIcon": "mansion",
        "emeraldsRequired": 38,
        "tradesAllowed": 1,
        "xpReward": 100,
        "spawnRegionSearchRadius": 50
      },
      {
        "structure": "repurposed_structures:city_overworld",
        "mapName": "Overworld City Map",
        "mapIcon": "mansion",
        "emeraldsRequired": 38,
        "tradesAllowed": 1,
        "xpReward": 200,
        "spawnRegionSearchRadius": 50
      },
      {
        "structure": "repurposed_structures:ancient_city_ocean",
        "mapName": "Ocean Ancient City Map",
        "mapIcon": "monument",
        "emeraldsRequired": 38,
        "tradesAllowed": 1,
        "xpReward": 200,
        "spawnRegionSearchRadius": 50
      }
    ],
    "common": []
  }
}